exercise_id,exercise_name,aliases,primary_muscle,secondary_muscles,muscle_group,equipment,category,movement_pattern,exercise_type,mechanics,force,difficulty,unilateral,bodyweight,default_sets,default_rep_range,tracking_type,parent_exercise,search_keywords,notes
ex-0001-barbell-curl,Barbell Curl,,Biceps,Brachialis|Forearms,Arms,Barbell,Strength,Elbow Flexion,Resistance,Isolation,Pull,Beginner,false,false,3,8-15,reps,Biceps Curl,bicep curl arms,
ex-0002-bayesian-cable-curl,Bayesian Cable Curl,,Biceps,Brachialis|Forearms,Arms,Cable,Strength,Elbow Flexion,Resistance,Isolation,Pull,Intermediate,false,false,3,8-15,reps,Biceps Curl,curl variation,
ex-0003-bench-dip,Bench Dip,,Triceps,,Arms,Bodyweight,Strength,Elbow Extension,Calisthenics,Compound,Push,Intermediate,false,true,3,8-15,reps,Triceps Extension,tricep extension arms,
ex-0004-cable-curl,Cable Curl,,Biceps,Brachialis|Forearms,Arms,Cable,Strength,Elbow Flexion,Resistance,Isolation,Pull,Beginner,false,false,3,8-15,reps,Biceps Curl,bicep curl arms,
ex-0005-close-grip-barbell-curl,Close-Grip Barbell Curl,,Biceps,Brachialis|Forearms,Arms,Barbell,Strength,Elbow Flexion,Resistance,Isolation,Pull,Intermediate,false,false,3,8-15,reps,Biceps Curl,curl variation,
ex-0006-close-grip-cable-curl,Close-Grip Cable Curl,,Biceps,Brachialis|Forearms,Arms,Cable,Strength,Elbow Flexion,Resistance,Isolation,Pull,Intermediate,false,false,3,8-15,reps,Biceps Curl,curl variation,
ex-0007-close-grip-ez-bar-curl,Close-Grip EZ-Bar Curl,,Biceps,Brachialis|Forearms,Arms,EZ-Bar,Strength,Elbow Flexion,Resistance,Isolation,Pull,Intermediate,false,false,3,8-15,reps,Biceps Curl,curl variation,
ex-0008-concentration-cable-curl,Concentration Cable Curl,,Biceps,Brachialis|Forearms,Arms,Cable,Strength,Elbow Flexion,Resistance,Isolation,Pull,Intermediate,false,false,3,8-15,reps,Biceps Curl,curl variation,
ex-0009-concentration-dumbbell-curl,Concentration Dumbbell Curl,,Biceps,Brachialis|Forearms,Arms,Dumbbells,Strength,Elbow Flexion,Resistance,Isolation,Pull,Intermediate,false,false,3,8-15,reps,Biceps Curl,curl variation,
ex-0010-concentration-hammer-curl,Concentration Hammer Curl,,Biceps,Brachialis|Forearms,Arms,Dumbbells,Strength,Elbow Flexion,Resistance,Isolation,Pull,Intermediate,false,false,3,8-15,reps,Biceps Curl,curl variation,
ex-0011-drag-barbell-curl,Drag Barbell Curl,,Biceps,Brachialis|Forearms,Arms,Barbell,Strength,Elbow Flexion,Resistance,Isolation,Pull,Intermediate,false,false,3,8-15,reps,Biceps Curl,curl variation,
ex-0012-drag-cable-curl,Drag Cable Curl,,Biceps,Brachialis|Forearms,Arms,Cable,Strength,Elbow Flexion,Resistance,Isolation,Pull,Intermediate,false,false,3,8-15,reps,Biceps Curl,curl variation,
ex-0013-drag-dumbbell-curl,Drag Dumbbell Curl,,Biceps,Brachialis|Forearms,Arms,Dumbbells,Strength,Elbow Flexion,Resistance,Isolation,Pull,Intermediate,false,false,3,8-15,reps,Biceps Curl,curl variation,
ex-0014-drag-ez-bar-curl,Drag EZ-Bar Curl,,Biceps,Brachialis|Forearms,Arms,EZ-Bar,Strength,Elbow Flexion,Resistance,Isolation,Pull,Intermediate,false,false,3,8-15,reps,Biceps Curl,curl variation,
ex-0015-drag-hammer-curl,Drag Hammer Curl,,Biceps,Brachialis|Forearms,Arms,Dumbbells,Strength,Elbow Flexion,Resistance,Isolation,Pull,Intermediate,false,false,3,8-15,reps,Biceps Curl,curl variation,
ex-0016-drag-machine-curl,Drag Machine Curl,,Biceps,Brachialis|Forearms,Arms,Machine,Strength,Elbow Flexion,Resistance,Isolation,Pull,Intermediate,false,false,3,8-15,reps,Biceps Curl,curl variation,
ex-0017-drag-preacher-curl,Drag Preacher Curl,,Biceps,Brachialis|Forearms,Arms,Preacher Bench,Strength,Elbow Flexion,Resistance,Isolation,Pull,Intermediate,false,false,3,8-15,reps,Biceps Curl,curl variation,
ex-0018-drag-resistance-band-curl,Drag Resistance Band Curl,,Biceps,Brachialis|Forearms,Arms,Resistance Band,Strength,Elbow Flexion,Resistance,Isolation,Pull,Intermediate,false,false,3,8-15,reps,Biceps Curl,curl variation,
ex-0019-dumbbell-curl,Dumbbell Curl,,Biceps,Brachialis|Forearms,Arms,Dumbbells,Strength,Elbow Flexion,Resistance,Isolation,Pull,Beginner,false,false,3,8-15,reps,Biceps Curl,bicep curl arms,
ex-0020-dumbbell-triceps-extension,Dumbbell Triceps Extension,,Triceps,,Arms,Dumbbells,Strength,Elbow Extension,Resistance,Isolation,Push,Intermediate,false,false,3,8-15,reps,Triceps Extension,tricep extension arms,
ex-0021-ez-bar-curl,EZ-Bar Curl,,Biceps,Brachialis|Forearms,Arms,EZ-Bar,Strength,Elbow Flexion,Resistance,Isolation,Pull,Beginner,false,false,3,8-15,reps,Biceps Curl,bicep curl arms,
ex-0022-hammer-curl,Hammer Curl,,Biceps,Brachialis|Forearms,Arms,Dumbbells,Strength,Elbow Flexion,Resistance,Isolation,Pull,Beginner,false,false,3,8-15,reps,Biceps Curl,bicep curl arms,
ex-0023-incline-cable-curl,Incline Cable Curl,,Biceps,Brachialis|Forearms,Arms,Cable,Strength,Elbow Flexion,Resistance,Isolation,Pull,Intermediate,false,false,3,8-15,reps,Biceps Curl,curl variation,
ex-0024-incline-dumbbell-curl,Incline Dumbbell Curl,,Biceps,Brachialis|Forearms,Arms,Dumbbells,Strength,Elbow Flexion,Resistance,Isolation,Pull,Intermediate,false,false,3,8-15,reps,Biceps Curl,curl variation,
ex-0025-incline-hammer-curl,Incline Hammer Curl,,Biceps,Brachialis|Forearms,Arms,Dumbbells,Strength,Elbow Flexion,Resistance,Isolation,Pull,Intermediate,false,false,3,8-15,reps,Biceps Curl,curl variation,
ex-0026-jm-press,JM Press,,Triceps,,Arms,Barbell,Strength,Elbow Extension,Resistance,Compound,Push,Intermediate,false,false,3,8-15,reps,Triceps Extension,tricep extension arms,
ex-0027-lying-triceps-extension,Lying Triceps Extension,,Triceps,,Arms,Barbell,Strength,Elbow Extension,Resistance,Isolation,Push,Intermediate,false,false,3,8-15,reps,Triceps Extension,tricep extension arms,
ex-0028-machine-curl,Machine Curl,,Biceps,Brachialis|Forearms,Arms,Machine,Strength,Elbow Flexion,Resistance,Isolation,Pull,Beginner,false,false,3,8-15,reps,Biceps Curl,bicep curl arms,
ex-0029-machine-dip,Machine Dip,,Triceps,,Arms,Machine,Strength,Elbow Extension,Resistance,Compound,Push,Beginner,false,false,3,8-15,reps,Triceps Extension,tricep extension arms,
ex-0030-overhead-triceps-extension,Overhead Triceps Extension,,Triceps,,Arms,Cable,Strength,Elbow Extension,Resistance,Isolation,Push,Beginner,false,false,3,8-15,reps,Triceps Extension,tricep extension arms,
ex-0031-preacher-curl,Preacher Curl,,Biceps,Brachialis|Forearms,Arms,Preacher Bench,Strength,Elbow Flexion,Resistance,Isolation,Pull,Beginner,false,false,3,8-15,reps,Biceps Curl,bicep curl arms,
ex-0032-resistance-band-curl,Resistance Band Curl,,Biceps,Brachialis|Forearms,Arms,Resistance Band,Strength,Elbow Flexion,Resistance,Isolation,Pull,Beginner,false,false,3,8-15,reps,Biceps Curl,bicep curl arms,
ex-0033-reverse-grip-barbell-curl,Reverse-Grip Barbell Curl,,Biceps,Brachialis|Forearms,Arms,Barbell,Strength,Elbow Flexion,Resistance,Isolation,Pull,Intermediate,false,false,3,8-15,reps,Biceps Curl,curl variation,
ex-0034-reverse-grip-cable-curl,Reverse-Grip Cable Curl,,Biceps,Brachialis|Forearms,Arms,Cable,Strength,Elbow Flexion,Resistance,Isolation,Pull,Intermediate,false,false,3,8-15,reps,Biceps Curl,curl variation,
ex-0035-reverse-grip-ez-bar-curl,Reverse-Grip EZ-Bar Curl,,Biceps,Brachialis|Forearms,Arms,EZ-Bar,Strength,Elbow Flexion,Resistance,Isolation,Pull,Intermediate,false,false,3,8-15,reps,Biceps Curl,curl variation,
ex-0036-reverse-grip-overhead-triceps-extension,Reverse-Grip Overhead Triceps Extension,,Triceps,,Arms,Cable,Strength,Elbow Extension,Resistance,Isolation,Push,Beginner,false,false,3,10-15,reps,Overhead Triceps Extension,cable triceps,
ex-0037-reverse-grip-triceps-pushdown,Reverse-Grip Triceps Pushdown,,Triceps,,Arms,Cable,Strength,Elbow Extension,Resistance,Isolation,Push,Beginner,false,false,3,10-15,reps,Triceps Pushdown,cable triceps,
ex-0038-rope-overhead-triceps-extension,Rope Overhead Triceps Extension,,Triceps,,Arms,Cable,Strength,Elbow Extension,Resistance,Isolation,Push,Beginner,false,false,3,10-15,reps,Overhead Triceps Extension,cable triceps,
ex-0039-rope-triceps-pushdown,Rope Triceps Pushdown,,Triceps,,Arms,Cable,Strength,Elbow Extension,Resistance,Isolation,Push,Beginner,false,false,3,10-15,reps,Triceps Pushdown,cable triceps,
ex-0040-seated-barbell-curl,Seated Barbell Curl,,Biceps,Brachialis|Forearms,Arms,Barbell,Strength,Elbow Flexion,Resistance,Isolation,Pull,Intermediate,false,false,3,8-15,reps,Biceps Curl,curl variation,
ex-0041-seated-cable-curl,Seated Cable Curl,,Biceps,Brachialis|Forearms,Arms,Cable,Strength,Elbow Flexion,Resistance,Isolation,Pull,Intermediate,false,false,3,8-15,reps,Biceps Curl,curl variation,
ex-0042-seated-dumbbell-curl,Seated Dumbbell Curl,,Biceps,Brachialis|Forearms,Arms,Dumbbells,Strength,Elbow Flexion,Resistance,Isolation,Pull,Intermediate,false,false,3,8-15,reps,Biceps Curl,curl variation,
ex-0043-seated-ez-bar-curl,Seated EZ-Bar Curl,,Biceps,Brachialis|Forearms,Arms,EZ-Bar,Strength,Elbow Flexion,Resistance,Isolation,Pull,Intermediate,false,false,3,8-15,reps,Biceps Curl,curl variation,
ex-0044-seated-hammer-curl,Seated Hammer Curl,,Biceps,Brachialis|Forearms,Arms,Dumbbells,Strength,Elbow Flexion,Resistance,Isolation,Pull,Intermediate,false,false,3,8-15,reps,Biceps Curl,curl variation,
ex-0045-seated-machine-curl,Seated Machine Curl,,Biceps,Brachialis|Forearms,Arms,Machine,Strength,Elbow Flexion,Resistance,Isolation,Pull,Intermediate,false,false,3,8-15,reps,Biceps Curl,curl variation,
ex-0046-seated-preacher-curl,Seated Preacher Curl,,Biceps,Brachialis|Forearms,Arms,Preacher Bench,Strength,Elbow Flexion,Resistance,Isolation,Pull,Intermediate,false,false,3,8-15,reps,Biceps Curl,curl variation,
ex-0047-seated-resistance-band-curl,Seated Resistance Band Curl,,Biceps,Brachialis|Forearms,Arms,Resistance Band,Strength,Elbow Flexion,Resistance,Isolation,Pull,Intermediate,false,false,3,8-15,reps,Biceps Curl,curl variation,
ex-0048-single-arm-cable-curl,Single-Arm Cable Curl,,Biceps,Brachialis|Forearms,Arms,Cable,Strength,Elbow Flexion,Resistance,Isolation,Pull,Intermediate,true,false,3,8-15 each side,reps,Biceps Curl,one arm curl,
ex-0049-single-arm-dumbbell-curl,Single-Arm Dumbbell Curl,,Biceps,Brachialis|Forearms,Arms,Dumbbells,Strength,Elbow Flexion,Resistance,Isolation,Pull,Intermediate,true,false,3,8-15 each side,reps,Biceps Curl,one arm curl,
ex-0050-single-arm-dumbbell-triceps-extension,Single-Arm Dumbbell Triceps Extension,,Triceps,Core,Arms,Dumbbells,Strength,Elbow Extension,Resistance,Isolation,Push,Intermediate,true,false,3,10-15 each side,reps,Dumbbell Triceps Extension,unilateral triceps,
ex-0051-single-arm-hammer-curl,Single-Arm Hammer Curl,,Biceps,Brachialis|Forearms,Arms,Dumbbells,Strength,Elbow Flexion,Resistance,Isolation,Pull,Intermediate,true,false,3,8-15 each side,reps,Biceps Curl,one arm curl,
ex-0052-single-arm-machine-curl,Single-Arm Machine Curl,,Biceps,Brachialis|Forearms,Arms,Machine,Strength,Elbow Flexion,Resistance,Isolation,Pull,Intermediate,true,false,3,8-15 each side,reps,Biceps Curl,one arm curl,
ex-0053-single-arm-overhead-triceps-extension,Single-Arm Overhead Triceps Extension,,Triceps,,Arms,Cable,Strength,Elbow Extension,Resistance,Isolation,Push,Beginner,true,false,3,10-15,reps,Overhead Triceps Extension,cable triceps,
ex-0054-single-arm-resistance-band-curl,Single-Arm Resistance Band Curl,,Biceps,Brachialis|Forearms,Arms,Resistance Band,Strength,Elbow Flexion,Resistance,Isolation,Pull,Intermediate,true,false,3,8-15 each side,reps,Biceps Curl,one arm curl,
ex-0055-single-arm-tate-press,Single-Arm Tate Press,,Triceps,Core,Arms,Dumbbells,Strength,Elbow Extension,Resistance,Isolation,Push,Intermediate,true,false,3,10-15 each side,reps,Tate Press,unilateral triceps,
ex-0056-single-arm-triceps-kickback,Single-Arm Triceps Kickback,,Triceps,Core,Arms,Dumbbells,Strength,Elbow Extension,Resistance,Isolation,Push,Intermediate,true,false,3,10-15 each side,reps,Triceps Kickback,unilateral triceps,
ex-0057-single-arm-triceps-pushdown,Single-Arm Triceps Pushdown,,Triceps,,Arms,Cable,Strength,Elbow Extension,Resistance,Isolation,Push,Beginner,true,false,3,10-15,reps,Triceps Pushdown,cable triceps,
ex-0058-skull-crusher,Skull Crusher,,Triceps,,Arms,EZ-Bar,Strength,Elbow Extension,Resistance,Isolation,Push,Intermediate,false,false,3,8-15,reps,Triceps Extension,tricep extension arms,
ex-0059-spider-barbell-curl,Spider Barbell Curl,,Biceps,Brachialis|Forearms,Arms,Barbell,Strength,Elbow Flexion,Resistance,Isolation,Pull,Intermediate,false,false,3,8-15,reps,Biceps Curl,curl variation,
ex-0060-spider-cable-curl,Spider Cable Curl,,Biceps,Brachialis|Forearms,Arms,Cable,Strength,Elbow Flexion,Resistance,Isolation,Pull,Intermediate,false,false,3,8-15,reps,Biceps Curl,curl variation,
ex-0061-spider-dumbbell-curl,Spider Dumbbell Curl,,Biceps,Brachialis|Forearms,Arms,Dumbbells,Strength,Elbow Flexion,Resistance,Isolation,Pull,Intermediate,false,false,3,8-15,reps,Biceps Curl,curl variation,
ex-0062-spider-ez-bar-curl,Spider EZ-Bar Curl,,Biceps,Brachialis|Forearms,Arms,EZ-Bar,Strength,Elbow Flexion,Resistance,Isolation,Pull,Intermediate,false,false,3,8-15,reps,Biceps Curl,curl variation,
ex-0063-spider-hammer-curl,Spider Hammer Curl,,Biceps,Brachialis|Forearms,Arms,Dumbbells,Strength,Elbow Flexion,Resistance,Isolation,Pull,Intermediate,false,false,3,8-15,reps,Biceps Curl,curl variation,
ex-0064-spider-machine-curl,Spider Machine Curl,,Biceps,Brachialis|Forearms,Arms,Machine,Strength,Elbow Flexion,Resistance,Isolation,Pull,Intermediate,false,false,3,8-15,reps,Biceps Curl,curl variation,
ex-0065-spider-preacher-curl,Spider Preacher Curl,,Biceps,Brachialis|Forearms,Arms,Preacher Bench,Strength,Elbow Flexion,Resistance,Isolation,Pull,Intermediate,false,false,3,8-15,reps,Biceps Curl,curl variation,
ex-0066-spider-resistance-band-curl,Spider Resistance Band Curl,,Biceps,Brachialis|Forearms,Arms,Resistance Band,Strength,Elbow Flexion,Resistance,Isolation,Pull,Intermediate,false,false,3,8-15,reps,Biceps Curl,curl variation,
ex-0067-standing-barbell-curl,Standing Barbell Curl,,Biceps,Brachialis|Forearms,Arms,Barbell,Strength,Elbow Flexion,Resistance,Isolation,Pull,Intermediate,false,false,3,8-15,reps,Biceps Curl,curl variation,
ex-0068-standing-cable-curl,Standing Cable Curl,,Biceps,Brachialis|Forearms,Arms,Cable,Strength,Elbow Flexion,Resistance,Isolation,Pull,Intermediate,false,false,3,8-15,reps,Biceps Curl,curl variation,
ex-0069-standing-dumbbell-curl,Standing Dumbbell Curl,,Biceps,Brachialis|Forearms,Arms,Dumbbells,Strength,Elbow Flexion,Resistance,Isolation,Pull,Intermediate,false,false,3,8-15,reps,Biceps Curl,curl variation,
ex-0070-standing-ez-bar-curl,Standing EZ-Bar Curl,,Biceps,Brachialis|Forearms,Arms,EZ-Bar,Strength,Elbow Flexion,Resistance,Isolation,Pull,Intermediate,false,false,3,8-15,reps,Biceps Curl,curl variation,
ex-0071-standing-hammer-curl,Standing Hammer Curl,,Biceps,Brachialis|Forearms,Arms,Dumbbells,Strength,Elbow Flexion,Resistance,Isolation,Pull,Intermediate,false,false,3,8-15,reps,Biceps Curl,curl variation,
ex-0072-standing-machine-curl,Standing Machine Curl,,Biceps,Brachialis|Forearms,Arms,Machine,Strength,Elbow Flexion,Resistance,Isolation,Pull,Intermediate,false,false,3,8-15,reps,Biceps Curl,curl variation,
ex-0073-standing-preacher-curl,Standing Preacher Curl,,Biceps,Brachialis|Forearms,Arms,Preacher Bench,Strength,Elbow Flexion,Resistance,Isolation,Pull,Intermediate,false,false,3,8-15,reps,Biceps Curl,curl variation,
ex-0074-standing-resistance-band-curl,Standing Resistance Band Curl,,Biceps,Brachialis|Forearms,Arms,Resistance Band,Strength,Elbow Flexion,Resistance,Isolation,Pull,Intermediate,false,false,3,8-15,reps,Biceps Curl,curl variation,
ex-0075-straight-bar-overhead-triceps-extension,Straight Bar Overhead Triceps Extension,,Triceps,,Arms,Cable,Strength,Elbow Extension,Resistance,Isolation,Push,Beginner,false,false,3,10-15,reps,Overhead Triceps Extension,cable triceps,
ex-0076-straight-bar-triceps-pushdown,Straight Bar Triceps Pushdown,,Triceps,,Arms,Cable,Strength,Elbow Extension,Resistance,Isolation,Push,Beginner,false,false,3,10-15,reps,Triceps Pushdown,cable triceps,
ex-0077-tate-press,Tate Press,,Triceps,,Arms,Dumbbells,Strength,Elbow Extension,Resistance,Compound,Push,Intermediate,false,false,3,8-15,reps,Triceps Extension,tricep extension arms,
ex-0078-triceps-kickback,Triceps Kickback,,Triceps,,Arms,Dumbbells,Strength,Elbow Extension,Resistance,Isolation,Push,Intermediate,false,false,3,8-15,reps,Triceps Extension,tricep extension arms,
ex-0079-triceps-pushdown,Triceps Pushdown,,Triceps,,Arms,Cable,Strength,Elbow Extension,Resistance,Isolation,Push,Beginner,false,false,3,8-15,reps,Triceps Extension,tricep extension arms,
ex-0080-v-bar-overhead-triceps-extension,V-Bar Overhead Triceps Extension,,Triceps,,Arms,Cable,Strength,Elbow Extension,Resistance,Isolation,Push,Beginner,false,false,3,10-15,reps,Overhead Triceps Extension,cable triceps,
ex-0081-v-bar-triceps-pushdown,V-Bar Triceps Pushdown,,Triceps,,Arms,Cable,Strength,Elbow Extension,Resistance,Isolation,Push,Beginner,false,false,3,10-15,reps,Triceps Pushdown,cable triceps,
ex-0082-wide-grip-barbell-curl,Wide-Grip Barbell Curl,,Biceps,Brachialis|Forearms,Arms,Barbell,Strength,Elbow Flexion,Resistance,Isolation,Pull,Intermediate,false,false,3,8-15,reps,Biceps Curl,curl variation,
ex-0083-wide-grip-cable-curl,Wide-Grip Cable Curl,,Biceps,Brachialis|Forearms,Arms,Cable,Strength,Elbow Flexion,Resistance,Isolation,Pull,Intermediate,false,false,3,8-15,reps,Biceps Curl,curl variation,
ex-0084-wide-grip-ez-bar-curl,Wide-Grip EZ-Bar Curl,,Biceps,Brachialis|Forearms,Arms,EZ-Bar,Strength,Elbow Flexion,Resistance,Isolation,Pull,Intermediate,false,false,3,8-15,reps,Biceps Curl,curl variation,
ex-0085-1-5-rep-barbell-row,1.5-Rep Barbell Row,,Upper Back,Latissimus Dorsi|Biceps|Posterior Deltoids,Back,Barbell,Strength,Horizontal Pull,Resistance,Compound,Pull,Advanced,false,false,3,5-10,reps,Barbell Row,row back horizontal pull advanced variation,
ex-0086-1-5-rep-pull-up,1.5-Rep Pull-Up,,Latissimus Dorsi,Biceps|Upper Back|Core,Back,Pull-Up Bar,Bodyweight,Vertical Pull,Calisthenics,Compound,Pull,Advanced,false,true,3,5-10,reps,Pull-Up,pullup chinup vertical pull advanced variation,
ex-0087-1-5-rep-seated-cable-row,1.5-Rep Seated Cable Row,,Upper Back,Latissimus Dorsi|Biceps|Posterior Deltoids,Back,Cable,Strength,Horizontal Pull,Resistance,Compound,Pull,Advanced,false,false,3,5-10,reps,Seated Cable Row,row back horizontal pull advanced variation,
ex-0088-archer-pull-up,Archer Pull-Up,,Latissimus Dorsi,Biceps|Upper Back|Core,Back,Pull-Up Bar,Bodyweight,Vertical Pull,Calisthenics,Compound,Pull,Advanced,false,true,3,5-12,reps,Pull-Up,pullup chinup vertical pull,
ex-0089-assisted-pull-up,Assisted Pull-Up,,Latissimus Dorsi,Biceps|Upper Back|Core,Back,Pull-Up Bar,Bodyweight,Vertical Pull,Calisthenics,Compound,Pull,Intermediate,false,true,3,5-12,reps,Pull-Up,pullup chinup vertical pull,
ex-0090-band-assisted-pull-up,Band-Assisted Pull-Up,,Latissimus Dorsi,Biceps|Upper Back|Core,Back,Resistance Band|Pull-Up Bar,Bodyweight,Vertical Pull,Calisthenics,Compound,Pull,Intermediate,false,true,3,5-12,reps,Pull-Up,pullup chinup vertical pull,
ex-0091-barbell-row,Barbell Row,,Upper Back,Latissimus Dorsi|Biceps|Posterior Deltoids,Back,Barbell,Strength,Horizontal Pull,Resistance,Compound,Pull,Intermediate,false,false,3,6-12,reps,Barbell Row,row back horizontal pull,
ex-0092-chest-supported-row,Chest-Supported Row,,Upper Back,Latissimus Dorsi|Biceps|Posterior Deltoids,Back,Machine,Strength,Horizontal Pull,Resistance,Compound,Pull,Intermediate,false,false,3,6-12,reps,Chest-Supported Row,row back horizontal pull,
ex-0093-chin-up,Chin-Up,,Latissimus Dorsi,Biceps|Upper Back|Core,Back,Pull-Up Bar,Bodyweight,Vertical Pull,Calisthenics,Compound,Pull,Intermediate,false,true,3,5-12,reps,Pull-Up,pullup chinup vertical pull,
ex-0094-close-grip-barbell-row,Close-Grip Barbell Row,,Upper Back,Latissimus Dorsi|Biceps|Posterior Deltoids,Back,Barbell,Strength,Horizontal Pull,Resistance,Compound,Pull,Intermediate,false,false,3,6-12,reps,Barbell Row,row back horizontal pull,
ex-0095-close-grip-chest-supported-row,Close-Grip Chest-Supported Row,,Upper Back,Latissimus Dorsi|Biceps|Posterior Deltoids,Back,Machine,Strength,Horizontal Pull,Resistance,Compound,Pull,Intermediate,false,false,3,6-12,reps,Chest-Supported Row,row back horizontal pull,
ex-0096-close-grip-lat-pulldown,Close-Grip Lat Pulldown,,Latissimus Dorsi,Biceps|Teres Major|Upper Back,Back,Cable,Strength,Vertical Pull,Resistance,Compound,Pull,Beginner,false,false,3,8-12,reps,Lat Pulldown,lat pull down back,
ex-0097-close-grip-machine-row,Close-Grip Machine Row,,Upper Back,Latissimus Dorsi|Biceps|Posterior Deltoids,Back,Machine,Strength,Horizontal Pull,Resistance,Compound,Pull,Intermediate,false,false,3,6-12,reps,Machine Row,row back horizontal pull,
ex-0098-close-grip-pendlay-row,Close-Grip Pendlay Row,,Upper Back,Latissimus Dorsi|Biceps|Posterior Deltoids,Back,Barbell,Strength,Horizontal Pull,Resistance,Compound,Pull,Intermediate,false,false,3,6-12,reps,Pendlay Row,row back horizontal pull,
ex-0099-close-grip-plate-loaded-row,Close-Grip Plate-Loaded Row,,Upper Back,Latissimus Dorsi|Biceps|Posterior Deltoids,Back,Plate-Loaded Machine,Strength,Horizontal Pull,Resistance,Compound,Pull,Intermediate,false,false,3,6-12,reps,Plate-Loaded Row,row back horizontal pull,
ex-0100-close-grip-pull-up,Close-Grip Pull-Up,,Latissimus Dorsi,Biceps|Upper Back|Core,Back,Pull-Up Bar,Bodyweight,Vertical Pull,Calisthenics,Compound,Pull,Intermediate,false,true,3,5-12,reps,Pull-Up,pullup chinup vertical pull,
ex-0101-close-grip-seal-row,Close-Grip Seal Row,,Upper Back,Latissimus Dorsi|Biceps|Posterior Deltoids,Back,Barbell,Strength,Horizontal Pull,Resistance,Compound,Pull,Intermediate,false,false,3,6-12,reps,Seal Row,row back horizontal pull,
ex-0102-close-grip-seated-cable-row,Close-Grip Seated Cable Row,,Upper Back,Latissimus Dorsi|Biceps|Posterior Deltoids,Back,Cable,Strength,Horizontal Pull,Resistance,Compound,Pull,Intermediate,false,false,3,6-12,reps,Seated Cable Row,row back horizontal pull,
ex-0103-close-grip-yates-row,Close-Grip Yates Row,,Upper Back,Latissimus Dorsi|Biceps|Posterior Deltoids,Back,Barbell,Strength,Horizontal Pull,Resistance,Compound,Pull,Intermediate,false,false,3,6-12,reps,Yates Row,row back horizontal pull,
ex-0104-commando-pull-up,Commando Pull-Up,,Latissimus Dorsi,Biceps|Upper Back|Core,Back,Pull-Up Bar,Bodyweight,Vertical Pull,Calisthenics,Compound,Pull,Intermediate,false,true,3,5-12,reps,Pull-Up,pullup chinup vertical pull,
ex-0105-dumbbell-row,Dumbbell Row,,Upper Back,Latissimus Dorsi|Biceps|Posterior Deltoids,Back,Dumbbells,Strength,Horizontal Pull,Resistance,Compound,Pull,Intermediate,false,false,3,6-12,reps,Dumbbell Row,row back horizontal pull,
ex-0106-eccentric-barbell-row,Eccentric Barbell Row,,Upper Back,Latissimus Dorsi|Biceps|Posterior Deltoids,Back,Barbell,Strength,Horizontal Pull,Resistance,Compound,Pull,Advanced,false,false,3,5-10,reps,Barbell Row,row back horizontal pull advanced variation,
ex-0107-eccentric-pull-up,Eccentric Pull-Up,,Latissimus Dorsi,Biceps|Upper Back|Core,Back,Pull-Up Bar,Bodyweight,Vertical Pull,Calisthenics,Compound,Pull,Advanced,false,true,3,5-10,reps,Pull-Up,pullup chinup vertical pull advanced variation,
ex-0108-eccentric-seated-cable-row,Eccentric Seated Cable Row,,Upper Back,Latissimus Dorsi|Biceps|Posterior Deltoids,Back,Cable,Strength,Horizontal Pull,Resistance,Compound,Pull,Advanced,false,false,3,5-10,reps,Seated Cable Row,row back horizontal pull advanced variation,
ex-0109-inverted-row,Inverted Row,,Upper Back,Latissimus Dorsi|Biceps|Posterior Deltoids,Back,Bodyweight,Bodyweight,Horizontal Pull,Calisthenics,Compound,Pull,Intermediate,false,true,3,6-12,reps,Inverted Row,row back horizontal pull,
ex-0110-l-sit-pull-up,L-Sit Pull-Up,,Latissimus Dorsi,Biceps|Upper Back|Core,Back,Pull-Up Bar,Bodyweight,Vertical Pull,Calisthenics,Compound,Pull,Advanced,false,true,3,5-12,reps,Pull-Up,pullup chinup vertical pull,
ex-0111-landmine-row,Landmine Row,,Upper Back,Latissimus Dorsi|Biceps|Posterior Deltoids,Back,Landmine,Strength,Horizontal Pull,Resistance,Compound,Pull,Intermediate,false,false,3,6-12,reps,Landmine Row,row back horizontal pull,
ex-0112-machine-row,Machine Row,,Upper Back,Latissimus Dorsi|Biceps|Posterior Deltoids,Back,Machine,Strength,Horizontal Pull,Resistance,Compound,Pull,Intermediate,false,false,3,6-12,reps,Machine Row,row back horizontal pull,
ex-0113-medium-grip-lat-pulldown,Medium-Grip Lat Pulldown,,Latissimus Dorsi,Biceps|Teres Major|Upper Back,Back,Cable,Strength,Vertical Pull,Resistance,Compound,Pull,Beginner,false,false,3,8-12,reps,Lat Pulldown,lat pull down back,
ex-0114-muscle-up,Muscle-Up,,Latissimus Dorsi,Biceps|Upper Back|Core,Back,Pull-Up Bar,Bodyweight,Vertical Pull,Calisthenics,Compound,Pull,Advanced,false,true,3,5-12,reps,Pull-Up,pullup chinup vertical pull,
ex-0115-neutral-grip-barbell-row,Neutral-Grip Barbell Row,,Upper Back,Latissimus Dorsi|Biceps|Posterior Deltoids,Back,Barbell,Strength,Horizontal Pull,Resistance,Compound,Pull,Intermediate,false,false,3,6-12,reps,Barbell Row,row back horizontal pull,
ex-0116-neutral-grip-chest-supported-row,Neutral-Grip Chest-Supported Row,,Upper Back,Latissimus Dorsi|Biceps|Posterior Deltoids,Back,Machine,Strength,Horizontal Pull,Resistance,Compound,Pull,Intermediate,false,false,3,6-12,reps,Chest-Supported Row,row back horizontal pull,
ex-0117-neutral-grip-lat-pulldown,Neutral-Grip Lat Pulldown,,Latissimus Dorsi,Biceps|Teres Major|Upper Back,Back,Cable,Strength,Vertical Pull,Resistance,Compound,Pull,Beginner,false,false,3,8-12,reps,Lat Pulldown,lat pull down back,
ex-0118-neutral-grip-machine-row,Neutral-Grip Machine Row,,Upper Back,Latissimus Dorsi|Biceps|Posterior Deltoids,Back,Machine,Strength,Horizontal Pull,Resistance,Compound,Pull,Intermediate,false,false,3,6-12,reps,Machine Row,row back horizontal pull,
ex-0119-neutral-grip-pendlay-row,Neutral-Grip Pendlay Row,,Upper Back,Latissimus Dorsi|Biceps|Posterior Deltoids,Back,Barbell,Strength,Horizontal Pull,Resistance,Compound,Pull,Intermediate,false,false,3,6-12,reps,Pendlay Row,row back horizontal pull,
ex-0120-neutral-grip-plate-loaded-row,Neutral-Grip Plate-Loaded Row,,Upper Back,Latissimus Dorsi|Biceps|Posterior Deltoids,Back,Plate-Loaded Machine,Strength,Horizontal Pull,Resistance,Compound,Pull,Intermediate,false,false,3,6-12,reps,Plate-Loaded Row,row back horizontal pull,
ex-0121-neutral-grip-pull-up,Neutral-Grip Pull-Up,,Latissimus Dorsi,Biceps|Upper Back|Core,Back,Pull-Up Bar,Bodyweight,Vertical Pull,Calisthenics,Compound,Pull,Intermediate,false,true,3,5-12,reps,Pull-Up,pullup chinup vertical pull,
ex-0122-neutral-grip-seal-row,Neutral-Grip Seal Row,,Upper Back,Latissimus Dorsi|Biceps|Posterior Deltoids,Back,Barbell,Strength,Horizontal Pull,Resistance,Compound,Pull,Intermediate,false,false,3,6-12,reps,Seal Row,row back horizontal pull,
ex-0123-neutral-grip-seated-cable-row,Neutral-Grip Seated Cable Row,,Upper Back,Latissimus Dorsi|Biceps|Posterior Deltoids,Back,Cable,Strength,Horizontal Pull,Resistance,Compound,Pull,Intermediate,false,false,3,6-12,reps,Seated Cable Row,row back horizontal pull,
ex-0124-neutral-grip-yates-row,Neutral-Grip Yates Row,,Upper Back,Latissimus Dorsi|Biceps|Posterior Deltoids,Back,Barbell,Strength,Horizontal Pull,Resistance,Compound,Pull,Intermediate,false,false,3,6-12,reps,Yates Row,row back horizontal pull,
ex-0125-paused-barbell-row,Paused Barbell Row,,Upper Back,Latissimus Dorsi|Biceps|Posterior Deltoids,Back,Barbell,Strength,Horizontal Pull,Resistance,Compound,Pull,Advanced,false,false,3,5-10,reps,Barbell Row,row back horizontal pull advanced variation,
ex-0126-paused-pull-up,Paused Pull-Up,,Latissimus Dorsi,Biceps|Upper Back|Core,Back,Pull-Up Bar,Bodyweight,Vertical Pull,Calisthenics,Compound,Pull,Advanced,false,true,3,5-10,reps,Pull-Up,pullup chinup vertical pull advanced variation,
ex-0127-paused-seated-cable-row,Paused Seated Cable Row,,Upper Back,Latissimus Dorsi|Biceps|Posterior Deltoids,Back,Cable,Strength,Horizontal Pull,Resistance,Compound,Pull,Advanced,false,false,3,5-10,reps,Seated Cable Row,row back horizontal pull advanced variation,
ex-0128-pendlay-row,Pendlay Row,,Upper Back,Latissimus Dorsi|Biceps|Posterior Deltoids,Back,Barbell,Strength,Horizontal Pull,Resistance,Compound,Pull,Intermediate,false,false,3,6-12,reps,Pendlay Row,row back horizontal pull,
ex-0129-plate-loaded-row,Plate-Loaded Row,,Upper Back,Latissimus Dorsi|Biceps|Posterior Deltoids,Back,Plate-Loaded Machine,Strength,Horizontal Pull,Resistance,Compound,Pull,Intermediate,false,false,3,6-12,reps,Plate-Loaded Row,row back horizontal pull,
ex-0130-pull-up,Pull-Up,,Latissimus Dorsi,Biceps|Upper Back|Core,Back,Pull-Up Bar,Bodyweight,Vertical Pull,Calisthenics,Compound,Pull,Intermediate,false,true,3,5-12,reps,Pull-Up,pullup chinup vertical pull,
ex-0131-ring-pull-up,Ring Pull-Up,,Latissimus Dorsi,Biceps|Upper Back|Core,Back,Rings,Bodyweight,Vertical Pull,Calisthenics,Compound,Pull,Intermediate,false,true,3,5-12,reps,Pull-Up,pullup chinup vertical pull,
ex-0132-ring-row,Ring Row,,Upper Back,Latissimus Dorsi|Biceps|Posterior Deltoids,Back,Rings,Strength,Horizontal Pull,Resistance,Compound,Pull,Intermediate,false,false,3,6-12,reps,Ring Row,row back horizontal pull,
ex-0133-rope-lat-pulldown,Rope Lat Pulldown,,Latissimus Dorsi,Biceps|Teres Major|Upper Back,Back,Cable,Strength,Vertical Pull,Resistance,Compound,Pull,Beginner,false,false,3,8-12,reps,Lat Pulldown,lat pull down back,
ex-0134-scapular-pull-up,Scapular Pull-Up,,Latissimus Dorsi,Biceps|Upper Back|Core,Back,Pull-Up Bar,Bodyweight,Vertical Pull,Calisthenics,Compound,Pull,Intermediate,false,true,3,5-12,reps,Pull-Up,pullup chinup vertical pull,
ex-0135-seal-row,Seal Row,,Upper Back,Latissimus Dorsi|Biceps|Posterior Deltoids,Back,Barbell,Strength,Horizontal Pull,Resistance,Compound,Pull,Intermediate,false,false,3,6-12,reps,Seal Row,row back horizontal pull,
ex-0136-seated-cable-row,Seated Cable Row,,Upper Back,Latissimus Dorsi|Biceps|Posterior Deltoids,Back,Cable,Strength,Horizontal Pull,Resistance,Compound,Pull,Intermediate,false,false,3,6-12,reps,Seated Cable Row,row back horizontal pull,
ex-0137-single-arm-chest-supported-row,Single-Arm Chest-Supported Row,,Upper Back,Latissimus Dorsi|Biceps|Core,Back,Machine,Strength,Horizontal Pull,Resistance,Compound,Pull,Intermediate,true,false,3,8-12,reps,Chest-Supported Row,one arm unilateral row,
ex-0138-single-arm-dumbbell-row,Single-Arm Dumbbell Row,,Upper Back,Latissimus Dorsi|Biceps|Core,Back,Dumbbells,Strength,Horizontal Pull,Resistance,Compound,Pull,Intermediate,true,false,3,8-12,reps,Dumbbell Row,one arm unilateral row,
ex-0139-single-arm-half-kneeling-lat-pulldown,Single-Arm Half-Kneeling Lat Pulldown,,Latissimus Dorsi,Biceps|Core,Back,Cable,Strength,Vertical Pull,Resistance,Compound,Pull,Intermediate,true,false,3,8-15,reps,Lat Pulldown,one arm unilateral lat,
ex-0140-single-arm-kneeling-lat-pulldown,Single-Arm Kneeling Lat Pulldown,,Latissimus Dorsi,Biceps|Core,Back,Cable,Strength,Vertical Pull,Resistance,Compound,Pull,Intermediate,true,false,3,8-15,reps,Lat Pulldown,one arm unilateral lat,
ex-0141-single-arm-landmine-row,Single-Arm Landmine Row,,Upper Back,Latissimus Dorsi|Biceps|Core,Back,Landmine,Strength,Horizontal Pull,Resistance,Compound,Pull,Intermediate,true,false,3,8-12,reps,Landmine Row,one arm unilateral row,
ex-0142-single-arm-machine-row,Single-Arm Machine Row,,Upper Back,Latissimus Dorsi|Biceps|Core,Back,Machine,Strength,Horizontal Pull,Resistance,Compound,Pull,Intermediate,true,false,3,8-12,reps,Machine Row,one arm unilateral row,
ex-0143-single-arm-plate-loaded-row,Single-Arm Plate-Loaded Row,,Upper Back,Latissimus Dorsi|Biceps|Core,Back,Plate-Loaded Machine,Strength,Horizontal Pull,Resistance,Compound,Pull,Intermediate,true,false,3,8-12,reps,Plate-Loaded Row,one arm unilateral row,
ex-0144-single-arm-seated-cable-row,Single-Arm Seated Cable Row,,Upper Back,Latissimus Dorsi|Biceps|Core,Back,Cable,Strength,Horizontal Pull,Resistance,Compound,Pull,Intermediate,true,false,3,8-12,reps,Seated Cable Row,one arm unilateral row,
ex-0145-single-arm-seated-lat-pulldown,Single-Arm Seated Lat Pulldown,,Latissimus Dorsi,Biceps|Core,Back,Cable,Strength,Vertical Pull,Resistance,Compound,Pull,Intermediate,true,false,3,8-15,reps,Lat Pulldown,one arm unilateral lat,
ex-0146-single-arm-standing-lat-pulldown,Single-Arm Standing Lat Pulldown,,Latissimus Dorsi,Biceps|Core,Back,Cable,Strength,Vertical Pull,Resistance,Compound,Pull,Intermediate,true,false,3,8-15,reps,Lat Pulldown,one arm unilateral lat,
ex-0147-sternum-pull-up,Sternum Pull-Up,,Latissimus Dorsi,Biceps|Upper Back|Core,Back,Pull-Up Bar,Bodyweight,Vertical Pull,Calisthenics,Compound,Pull,Advanced,false,true,3,5-12,reps,Pull-Up,pullup chinup vertical pull,
ex-0148-t-bar-row,T-Bar Row,,Upper Back,Latissimus Dorsi|Biceps|Posterior Deltoids,Back,T-Bar,Strength,Horizontal Pull,Resistance,Compound,Pull,Intermediate,false,false,3,6-12,reps,T-Bar Row,row back horizontal pull,
ex-0149-trx-row,TRX Row,,Upper Back,Latissimus Dorsi|Biceps|Posterior Deltoids,Back,Suspension Trainer,Strength,Horizontal Pull,Resistance,Compound,Pull,Intermediate,false,false,3,6-12,reps,TRX Row,row back horizontal pull,
ex-0150-tempo-barbell-row,Tempo Barbell Row,,Upper Back,Latissimus Dorsi|Biceps|Posterior Deltoids,Back,Barbell,Strength,Horizontal Pull,Resistance,Compound,Pull,Advanced,false,false,3,5-10,reps,Barbell Row,row back horizontal pull advanced variation,
ex-0151-tempo-pull-up,Tempo Pull-Up,,Latissimus Dorsi,Biceps|Upper Back|Core,Back,Pull-Up Bar,Bodyweight,Vertical Pull,Calisthenics,Compound,Pull,Advanced,false,true,3,5-10,reps,Pull-Up,pullup chinup vertical pull advanced variation,
ex-0152-tempo-seated-cable-row,Tempo Seated Cable Row,,Upper Back,Latissimus Dorsi|Biceps|Posterior Deltoids,Back,Cable,Strength,Horizontal Pull,Resistance,Compound,Pull,Advanced,false,false,3,5-10,reps,Seated Cable Row,row back horizontal pull advanced variation,
ex-0153-typewriter-pull-up,Typewriter Pull-Up,,Latissimus Dorsi,Biceps|Upper Back|Core,Back,Pull-Up Bar,Bodyweight,Vertical Pull,Calisthenics,Compound,Pull,Advanced,false,true,3,5-12,reps,Pull-Up,pullup chinup vertical pull,
ex-0154-underhand-barbell-row,Underhand Barbell Row,,Upper Back,Latissimus Dorsi|Biceps|Posterior Deltoids,Back,Barbell,Strength,Horizontal Pull,Resistance,Compound,Pull,Intermediate,false,false,3,6-12,reps,Barbell Row,row back horizontal pull,
ex-0155-underhand-chest-supported-row,Underhand Chest-Supported Row,,Upper Back,Latissimus Dorsi|Biceps|Posterior Deltoids,Back,Machine,Strength,Horizontal Pull,Resistance,Compound,Pull,Intermediate,false,false,3,6-12,reps,Chest-Supported Row,row back horizontal pull,
ex-0156-underhand-dumbbell-row,Underhand Dumbbell Row,,Upper Back,Latissimus Dorsi|Biceps|Posterior Deltoids,Back,Dumbbells,Strength,Horizontal Pull,Resistance,Compound,Pull,Intermediate,false,false,3,6-12,reps,Dumbbell Row,row back horizontal pull,
ex-0157-underhand-inverted-row,Underhand Inverted Row,,Upper Back,Latissimus Dorsi|Biceps|Posterior Deltoids,Back,Bodyweight,Bodyweight,Horizontal Pull,Calisthenics,Compound,Pull,Intermediate,false,true,3,6-12,reps,Inverted Row,row back horizontal pull,
ex-0158-underhand-landmine-row,Underhand Landmine Row,,Upper Back,Latissimus Dorsi|Biceps|Posterior Deltoids,Back,Landmine,Strength,Horizontal Pull,Resistance,Compound,Pull,Intermediate,false,false,3,6-12,reps,Landmine Row,row back horizontal pull,
ex-0159-underhand-lat-pulldown,Underhand Lat Pulldown,,Latissimus Dorsi,Biceps|Teres Major|Upper Back,Back,Cable,Strength,Vertical Pull,Resistance,Compound,Pull,Beginner,false,false,3,8-12,reps,Lat Pulldown,lat pull down back,
ex-0160-underhand-machine-row,Underhand Machine Row,,Upper Back,Latissimus Dorsi|Biceps|Posterior Deltoids,Back,Machine,Strength,Horizontal Pull,Resistance,Compound,Pull,Intermediate,false,false,3,6-12,reps,Machine Row,row back horizontal pull,
ex-0161-underhand-pendlay-row,Underhand Pendlay Row,,Upper Back,Latissimus Dorsi|Biceps|Posterior Deltoids,Back,Barbell,Strength,Horizontal Pull,Resistance,Compound,Pull,Intermediate,false,false,3,6-12,reps,Pendlay Row,row back horizontal pull,
ex-0162-underhand-plate-loaded-row,Underhand Plate-Loaded Row,,Upper Back,Latissimus Dorsi|Biceps|Posterior Deltoids,Back,Plate-Loaded Machine,Strength,Horizontal Pull,Resistance,Compound,Pull,Intermediate,false,false,3,6-12,reps,Plate-Loaded Row,row back horizontal pull,
ex-0163-underhand-ring-row,Underhand Ring Row,,Upper Back,Latissimus Dorsi|Biceps|Posterior Deltoids,Back,Rings,Strength,Horizontal Pull,Resistance,Compound,Pull,Intermediate,false,false,3,6-12,reps,Ring Row,row back horizontal pull,
ex-0164-underhand-seal-row,Underhand Seal Row,,Upper Back,Latissimus Dorsi|Biceps|Posterior Deltoids,Back,Barbell,Strength,Horizontal Pull,Resistance,Compound,Pull,Intermediate,false,false,3,6-12,reps,Seal Row,row back horizontal pull,
ex-0165-underhand-seated-cable-row,Underhand Seated Cable Row,,Upper Back,Latissimus Dorsi|Biceps|Posterior Deltoids,Back,Cable,Strength,Horizontal Pull,Resistance,Compound,Pull,Intermediate,false,false,3,6-12,reps,Seated Cable Row,row back horizontal pull,
ex-0166-underhand-t-bar-row,Underhand T-Bar Row,,Upper Back,Latissimus Dorsi|Biceps|Posterior Deltoids,Back,T-Bar,Strength,Horizontal Pull,Resistance,Compound,Pull,Intermediate,false,false,3,6-12,reps,T-Bar Row,row back horizontal pull,
ex-0167-underhand-trx-row,Underhand TRX Row,,Upper Back,Latissimus Dorsi|Biceps|Posterior Deltoids,Back,Suspension Trainer,Strength,Horizontal Pull,Resistance,Compound,Pull,Intermediate,false,false,3,6-12,reps,TRX Row,row back horizontal pull,
ex-0168-underhand-yates-row,Underhand Yates Row,,Upper Back,Latissimus Dorsi|Biceps|Posterior Deltoids,Back,Barbell,Strength,Horizontal Pull,Resistance,Compound,Pull,Intermediate,false,false,3,6-12,reps,Yates Row,row back horizontal pull,
ex-0169-v-bar-lat-pulldown,V-Bar Lat Pulldown,,Latissimus Dorsi,Biceps|Teres Major|Upper Back,Back,Cable,Strength,Vertical Pull,Resistance,Compound,Pull,Beginner,false,false,3,8-12,reps,Lat Pulldown,lat pull down back,
ex-0170-weighted-pull-up,Weighted Pull-Up,,Latissimus Dorsi,Biceps|Upper Back|Core,Back,Pull-Up Bar,Bodyweight,Vertical Pull,Calisthenics,Compound,Pull,Advanced,false,true,3,5-12,reps,Pull-Up,pullup chinup vertical pull,
ex-0171-wide-grip-barbell-row,Wide-Grip Barbell Row,,Upper Back,Latissimus Dorsi|Biceps|Posterior Deltoids,Back,Barbell,Strength,Horizontal Pull,Resistance,Compound,Pull,Intermediate,false,false,3,6-12,reps,Barbell Row,row back horizontal pull,
ex-0172-wide-grip-chest-supported-row,Wide-Grip Chest-Supported Row,,Upper Back,Latissimus Dorsi|Biceps|Posterior Deltoids,Back,Machine,Strength,Horizontal Pull,Resistance,Compound,Pull,Intermediate,false,false,3,6-12,reps,Chest-Supported Row,row back horizontal pull,
ex-0173-wide-grip-lat-pulldown,Wide-Grip Lat Pulldown,,Latissimus Dorsi,Biceps|Teres Major|Upper Back,Back,Cable,Strength,Vertical Pull,Resistance,Compound,Pull,Beginner,false,false,3,8-12,reps,Lat Pulldown,lat pull down back,
ex-0174-wide-grip-machine-row,Wide-Grip Machine Row,,Upper Back,Latissimus Dorsi|Biceps|Posterior Deltoids,Back,Machine,Strength,Horizontal Pull,Resistance,Compound,Pull,Intermediate,false,false,3,6-12,reps,Machine Row,row back horizontal pull,
ex-0175-wide-grip-pendlay-row,Wide-Grip Pendlay Row,,Upper Back,Latissimus Dorsi|Biceps|Posterior Deltoids,Back,Barbell,Strength,Horizontal Pull,Resistance,Compound,Pull,Intermediate,false,false,3,6-12,reps,Pendlay Row,row back horizontal pull,
ex-0176-wide-grip-plate-loaded-row,Wide-Grip Plate-Loaded Row,,Upper Back,Latissimus Dorsi|Biceps|Posterior Deltoids,Back,Plate-Loaded Machine,Strength,Horizontal Pull,Resistance,Compound,Pull,Intermediate,false,false,3,6-12,reps,Plate-Loaded Row,row back horizontal pull,
ex-0177-wide-grip-pull-up,Wide-Grip Pull-Up,,Latissimus Dorsi,Biceps|Upper Back|Core,Back,Pull-Up Bar,Bodyweight,Vertical Pull,Calisthenics,Compound,Pull,Intermediate,false,true,3,5-12,reps,Pull-Up,pullup chinup vertical pull,
ex-0178-wide-grip-seal-row,Wide-Grip Seal Row,,Upper Back,Latissimus Dorsi|Biceps|Posterior Deltoids,Back,Barbell,Strength,Horizontal Pull,Resistance,Compound,Pull,Intermediate,false,false,3,6-12,reps,Seal Row,row back horizontal pull,
ex-0179-wide-grip-seated-cable-row,Wide-Grip Seated Cable Row,,Upper Back,Latissimus Dorsi|Biceps|Posterior Deltoids,Back,Cable,Strength,Horizontal Pull,Resistance,Compound,Pull,Intermediate,false,false,3,6-12,reps,Seated Cable Row,row back horizontal pull,
ex-0180-wide-grip-yates-row,Wide-Grip Yates Row,,Upper Back,Latissimus Dorsi|Biceps|Posterior Deltoids,Back,Barbell,Strength,Horizontal Pull,Resistance,Compound,Pull,Intermediate,false,false,3,6-12,reps,Yates Row,row back horizontal pull,
ex-0181-yates-row,Yates Row,,Upper Back,Latissimus Dorsi|Biceps|Posterior Deltoids,Back,Barbell,Strength,Horizontal Pull,Resistance,Compound,Pull,Intermediate,false,false,3,6-12,reps,Yates Row,row back horizontal pull,
ex-0182-air-bike,Air Bike,,Cardiovascular System,Full Body,Cardio,Air Bike,Cardio,Cardio,Cardio,Cyclical,Other,Beginner,false,false,1,10-30 min,duration,Cardio,cardio conditioning aerobic,
ex-0183-assault-bike,Assault Bike,,Cardiovascular System,Full Body,Cardio,Air Bike,Cardio,Cardio,Cardio,Cyclical,Other,Beginner,false,false,1,10-30 min,duration,Cardio,cardio conditioning aerobic,
ex-0184-echo-bike,Echo Bike,,Cardiovascular System,Full Body,Cardio,Air Bike,Cardio,Cardio,Cardio,Cyclical,Other,Beginner,false,false,1,10-30 min,duration,Cardio,cardio conditioning aerobic,
ex-0185-elliptical,Elliptical,,Cardiovascular System,Full Body,Cardio,Elliptical,Cardio,Cardio,Cardio,Cyclical,Other,Beginner,false,false,1,10-30 min,duration,Cardio,cardio conditioning aerobic,
ex-0186-heavy-bag-boxing,Heavy Bag Boxing,,Cardiovascular System,Full Body,Cardio,Heavy Bag,Cardio,Cardio,Cardio,Cyclical,Other,Beginner,false,false,1,10-30 min,duration,Cardio,cardio conditioning aerobic,
ex-0187-hiking,Hiking,,Cardiovascular System,Full Body,Cardio,None,Cardio,Cardio,Cardio,Cyclical,Other,Beginner,false,true,1,10-30 min,duration,Cardio,cardio conditioning aerobic,
ex-0188-jump-rope,Jump Rope,,Cardiovascular System,Full Body,Cardio,Jump Rope,Cardio,Cardio,Cardio,Cyclical,Other,Beginner,false,false,1,10-30 min,duration,Cardio,cardio conditioning aerobic,
ex-0189-lap-swimming,Lap Swimming,,Cardiovascular System,Full Body,Cardio,Pool,Cardio,Cardio,Cardio,Cyclical,Other,Beginner,false,false,1,10-30 min,duration,Cardio,cardio conditioning aerobic,
ex-0190-outdoor-cycling,Outdoor Cycling,,Cardiovascular System,Full Body,Cardio,Bicycle,Cardio,Cardio,Cardio,Cyclical,Other,Beginner,false,false,1,10-30 min,duration,Cardio,cardio conditioning aerobic,
ex-0191-outdoor-running,Outdoor Running,,Cardiovascular System,Full Body,Cardio,None,Cardio,Cardio,Cardio,Cyclical,Other,Beginner,false,true,1,10-30 min,duration,Cardio,cardio conditioning aerobic,
ex-0192-outdoor-walking,Outdoor Walking,,Cardiovascular System,Full Body,Cardio,None,Cardio,Cardio,Cardio,Cyclical,Other,Beginner,false,true,1,10-30 min,duration,Cardio,cardio conditioning aerobic,
ex-0193-recumbent-bike,Recumbent Bike,,Cardiovascular System,Full Body,Cardio,Recumbent Bike,Cardio,Cardio,Cardio,Cyclical,Other,Beginner,false,false,1,10-30 min,duration,Cardio,cardio conditioning aerobic,
ex-0194-rowing-machine,Rowing Machine,,Cardiovascular System,Full Body,Cardio,Rower,Cardio,Cardio,Cardio,Cyclical,Other,Beginner,false,false,1,10-30 min,duration,Cardio,cardio conditioning aerobic,
ex-0195-rucking,Rucking,,Cardiovascular System,Full Body,Cardio,Weighted Backpack,Cardio,Cardio,Cardio,Cyclical,Other,Beginner,false,false,1,10-30 min,duration,Cardio,cardio conditioning aerobic,
ex-0196-shadow-boxing,Shadow Boxing,,Cardiovascular System,Full Body,Cardio,None,Cardio,Cardio,Cardio,Cyclical,Other,Beginner,false,true,1,10-30 min,duration,Cardio,cardio conditioning aerobic,
ex-0197-skierg,SkiErg,,Cardiovascular System,Full Body,Cardio,SkiErg,Cardio,Cardio,Cardio,Cyclical,Other,Beginner,false,false,1,10-30 min,duration,Cardio,cardio conditioning aerobic,
ex-0198-spin-bike,Spin Bike,,Cardiovascular System,Full Body,Cardio,Spin Bike,Cardio,Cardio,Cardio,Cyclical,Other,Beginner,false,false,1,10-30 min,duration,Cardio,cardio conditioning aerobic,
ex-0199-stair-climber,Stair Climber,,Cardiovascular System,Full Body,Cardio,Stair Climber,Cardio,Cardio,Cardio,Cyclical,Other,Beginner,false,false,1,10-30 min,duration,Cardio,cardio conditioning aerobic,
ex-0200-stationary-bike,Stationary Bike,,Cardiovascular System,Full Body,Cardio,Stationary Bike,Cardio,Cardio,Cardio,Cyclical,Other,Beginner,false,false,1,10-30 min,duration,Cardio,cardio conditioning aerobic,
ex-0201-stepmill,StepMill,,Cardiovascular System,Full Body,Cardio,StepMill,Cardio,Cardio,Cardio,Cyclical,Other,Beginner,false,false,1,10-30 min,duration,Cardio,cardio conditioning aerobic,
ex-0202-swimming,Swimming,,Cardiovascular System,Full Body,Cardio,Pool,Cardio,Cardio,Cardio,Cyclical,Other,Beginner,false,false,1,10-30 min,duration,Cardio,cardio conditioning aerobic,
ex-0203-trail-running,Trail Running,,Cardiovascular System,Full Body,Cardio,None,Cardio,Cardio,Cardio,Cyclical,Other,Beginner,false,true,1,10-30 min,duration,Cardio,cardio conditioning aerobic,
ex-0204-treadmill-running,Treadmill Running,,Cardiovascular System,Full Body,Cardio,Treadmill,Cardio,Cardio,Cardio,Cyclical,Other,Beginner,false,false,1,10-30 min,duration,Cardio,cardio conditioning aerobic,
ex-0205-treadmill-walking,Treadmill Walking,,Cardiovascular System,Full Body,Cardio,Treadmill,Cardio,Cardio,Cardio,Cyclical,Other,Beginner,false,false,1,10-30 min,duration,Cardio,cardio conditioning aerobic,
ex-0206-water-jogging,Water Jogging,,Cardiovascular System,Full Body,Cardio,Pool,Cardio,Cardio,Cardio,Cyclical,Other,Beginner,false,false,1,10-30 min,duration,Cardio,cardio conditioning aerobic,
ex-0207-1-5-rep-barbell-bench-press,1.5-Rep Barbell Bench Press,,Chest,Triceps|Anterior Deltoids,Chest,Barbell,Strength,Horizontal Push,Resistance,Compound,Push,Advanced,false,false,3,5-10,reps,Barbell Bench Press,bench press chest press pec push advanced variation,
ex-0208-1-5-rep-dumbbell-bench-press,1.5-Rep Dumbbell Bench Press,,Chest,Triceps|Anterior Deltoids,Chest,Dumbbells,Strength,Horizontal Push,Resistance,Compound,Push,Advanced,false,false,3,5-10,reps,Dumbbell Bench Press,bench press chest press pec push advanced variation,
ex-0209-archer-push-up,Archer Push-Up,,Chest,Triceps|Anterior Deltoids|Core,Chest,Bodyweight,Bodyweight,Horizontal Push,Calisthenics,Compound,Push,Advanced,false,true,3,8-20,reps,Push-Up,pushup press chest bodyweight,
ex-0210-barbell-bench-press,Barbell Bench Press,,Chest,Triceps|Anterior Deltoids,Chest,Barbell,Strength,Horizontal Push,Resistance,Compound,Push,Intermediate,false,false,3,6-12,reps,Barbell Bench Press,bench press chest press pec push,
ex-0211-cable-chest-press,Cable Chest Press,,Chest,Triceps|Anterior Deltoids,Chest,Cable,Strength,Horizontal Push,Resistance,Compound,Push,Intermediate,false,false,3,6-12,reps,Cable Chest Press,bench press chest press pec push,
ex-0212-clap-push-up,Clap Push-Up,,Chest,Triceps|Anterior Deltoids|Core,Chest,Bodyweight,Bodyweight,Horizontal Push,Calisthenics,Compound,Push,Advanced,false,true,3,8-20,reps,Push-Up,pushup press chest bodyweight,
ex-0213-close-grip-barbell-bench-press,Close-Grip Barbell Bench Press,,Chest,Triceps|Anterior Deltoids,Chest,Barbell,Strength,Horizontal Push,Resistance,Compound,Push,Intermediate,false,false,3,6-12,reps,Barbell Bench Press,bench press chest press pec push,
ex-0214-close-grip-cable-chest-press,Close-Grip Cable Chest Press,,Chest,Triceps|Anterior Deltoids,Chest,Cable,Strength,Horizontal Push,Resistance,Compound,Push,Intermediate,false,false,3,6-12,reps,Cable Chest Press,bench press chest press pec push,
ex-0215-close-grip-dumbbell-bench-press,Close-Grip Dumbbell Bench Press,,Chest,Triceps|Anterior Deltoids,Chest,Dumbbells,Strength,Horizontal Push,Resistance,Compound,Push,Intermediate,false,false,3,6-12,reps,Dumbbell Bench Press,bench press chest press pec push,
ex-0216-close-grip-machine-chest-press,Close-Grip Machine Chest Press,,Chest,Triceps|Anterior Deltoids,Chest,Machine,Strength,Horizontal Push,Resistance,Compound,Push,Intermediate,false,false,3,6-12,reps,Machine Chest Press,bench press chest press pec push,
ex-0217-close-grip-plate-loaded-chest-press,Close-Grip Plate-Loaded Chest Press,,Chest,Triceps|Anterior Deltoids,Chest,Plate-Loaded Machine,Strength,Horizontal Push,Resistance,Compound,Push,Intermediate,false,false,3,6-12,reps,Plate-Loaded Chest Press,bench press chest press pec push,
ex-0218-close-grip-push-up,Close-Grip Push-Up,,Chest,Triceps|Anterior Deltoids|Core,Chest,Bodyweight,Bodyweight,Horizontal Push,Calisthenics,Compound,Push,Intermediate,false,true,3,8-20,reps,Push-Up,pushup press chest bodyweight,
ex-0219-close-grip-smith-machine-bench-press,Close-Grip Smith Machine Bench Press,,Chest,Triceps|Anterior Deltoids,Chest,Smith Machine,Strength,Horizontal Push,Resistance,Compound,Push,Intermediate,false,false,3,6-12,reps,Smith Machine Bench Press,bench press chest press pec push,
ex-0220-decline-barbell-bench-press,Decline Barbell Bench Press,,Chest,Triceps|Anterior Deltoids,Chest,Barbell,Strength,Horizontal Push,Resistance,Compound,Push,Intermediate,false,false,3,6-12,reps,Barbell Bench Press,bench press chest press pec push,
ex-0221-decline-cable-chest-press,Decline Cable Chest Press,,Chest,Triceps|Anterior Deltoids,Chest,Cable,Strength,Horizontal Push,Resistance,Compound,Push,Intermediate,false,false,3,6-12,reps,Cable Chest Press,bench press chest press pec push,
ex-0222-decline-cable-fly,Decline Cable Fly,,Chest,Anterior Deltoids,Chest,Cable,Strength,Horizontal Adduction,Resistance,Isolation,Push,Intermediate,false,false,3,10-15,reps,Chest Fly,pec fly chest fly,
ex-0223-decline-close-grip-barbell-bench-press,Decline Close-Grip Barbell Bench Press,,Chest,Triceps|Anterior Deltoids,Chest,Barbell,Strength,Horizontal Push,Resistance,Compound,Push,Intermediate,false,false,3,6-12,reps,Barbell Bench Press,bench press chest press pec push,
ex-0224-decline-close-grip-cable-chest-press,Decline Close-Grip Cable Chest Press,,Chest,Triceps|Anterior Deltoids,Chest,Cable,Strength,Horizontal Push,Resistance,Compound,Push,Intermediate,false,false,3,6-12,reps,Cable Chest Press,bench press chest press pec push,
ex-0225-decline-close-grip-dumbbell-bench-press,Decline Close-Grip Dumbbell Bench Press,,Chest,Triceps|Anterior Deltoids,Chest,Dumbbells,Strength,Horizontal Push,Resistance,Compound,Push,Intermediate,false,false,3,6-12,reps,Dumbbell Bench Press,bench press chest press pec push,
ex-0226-decline-close-grip-machine-chest-press,Decline Close-Grip Machine Chest Press,,Chest,Triceps|Anterior Deltoids,Chest,Machine,Strength,Horizontal Push,Resistance,Compound,Push,Intermediate,false,false,3,6-12,reps,Machine Chest Press,bench press chest press pec push,
ex-0227-decline-close-grip-plate-loaded-chest-press,Decline Close-Grip Plate-Loaded Chest Press,,Chest,Triceps|Anterior Deltoids,Chest,Plate-Loaded Machine,Strength,Horizontal Push,Resistance,Compound,Push,Intermediate,false,false,3,6-12,reps,Plate-Loaded Chest Press,bench press chest press pec push,
ex-0228-decline-close-grip-smith-machine-bench-press,Decline Close-Grip Smith Machine Bench Press,,Chest,Triceps|Anterior Deltoids,Chest,Smith Machine,Strength,Horizontal Push,Resistance,Compound,Push,Intermediate,false,false,3,6-12,reps,Smith Machine Bench Press,bench press chest press pec push,
ex-0229-decline-dumbbell-bench-press,Decline Dumbbell Bench Press,,Chest,Triceps|Anterior Deltoids,Chest,Dumbbells,Strength,Horizontal Push,Resistance,Compound,Push,Intermediate,false,false,3,6-12,reps,Dumbbell Bench Press,bench press chest press pec push,
ex-0230-decline-dumbbell-fly,Decline Dumbbell Fly,,Chest,Anterior Deltoids,Chest,Dumbbells,Strength,Horizontal Adduction,Resistance,Isolation,Push,Intermediate,false,false,3,10-15,reps,Chest Fly,pec fly chest fly,
ex-0231-decline-machine-chest-press,Decline Machine Chest Press,,Chest,Triceps|Anterior Deltoids,Chest,Machine,Strength,Horizontal Push,Resistance,Compound,Push,Intermediate,false,false,3,6-12,reps,Machine Chest Press,bench press chest press pec push,
ex-0232-decline-machine-fly,Decline Machine Fly,,Chest,Anterior Deltoids,Chest,Machine,Strength,Horizontal Adduction,Resistance,Isolation,Push,Beginner,false,false,3,10-15,reps,Chest Fly,pec fly chest fly,
ex-0233-decline-pec-deck-fly,Decline Pec Deck Fly,,Chest,Anterior Deltoids,Chest,Pec Deck,Strength,Horizontal Adduction,Resistance,Isolation,Push,Beginner,false,false,3,10-15,reps,Chest Fly,pec fly chest fly,
ex-0234-decline-plate-loaded-chest-press,Decline Plate-Loaded Chest Press,,Chest,Triceps|Anterior Deltoids,Chest,Plate-Loaded Machine,Strength,Horizontal Push,Resistance,Compound,Push,Intermediate,false,false,3,6-12,reps,Plate-Loaded Chest Press,bench press chest press pec push,
ex-0235-decline-push-up,Decline Push-Up,,Chest,Triceps|Anterior Deltoids|Core,Chest,Bodyweight,Bodyweight,Horizontal Push,Calisthenics,Compound,Push,Intermediate,false,true,3,8-20,reps,Push-Up,pushup press chest bodyweight,
ex-0236-decline-resistance-band-fly,Decline Resistance Band Fly,,Chest,Anterior Deltoids,Chest,Resistance Band,Strength,Horizontal Adduction,Resistance,Isolation,Push,Intermediate,false,false,3,10-15,reps,Chest Fly,pec fly chest fly,
ex-0237-decline-reverse-grip-barbell-bench-press,Decline Reverse-Grip Barbell Bench Press,,Chest,Triceps|Anterior Deltoids,Chest,Barbell,Strength,Horizontal Push,Resistance,Compound,Push,Intermediate,false,false,3,6-12,reps,Barbell Bench Press,bench press chest press pec push,
ex-0238-decline-reverse-grip-dumbbell-bench-press,Decline Reverse-Grip Dumbbell Bench Press,,Chest,Triceps|Anterior Deltoids,Chest,Dumbbells,Strength,Horizontal Push,Resistance,Compound,Push,Intermediate,false,false,3,6-12,reps,Dumbbell Bench Press,bench press chest press pec push,
ex-0239-decline-reverse-grip-smith-machine-bench-press,Decline Reverse-Grip Smith Machine Bench Press,,Chest,Triceps|Anterior Deltoids,Chest,Smith Machine,Strength,Horizontal Push,Resistance,Compound,Push,Intermediate,false,false,3,6-12,reps,Smith Machine Bench Press,bench press chest press pec push,
ex-0240-decline-smith-machine-bench-press,Decline Smith Machine Bench Press,,Chest,Triceps|Anterior Deltoids,Chest,Smith Machine,Strength,Horizontal Push,Resistance,Compound,Push,Intermediate,false,false,3,6-12,reps,Smith Machine Bench Press,bench press chest press pec push,
ex-0241-decline-wide-grip-barbell-bench-press,Decline Wide-Grip Barbell Bench Press,,Chest,Triceps|Anterior Deltoids,Chest,Barbell,Strength,Horizontal Push,Resistance,Compound,Push,Intermediate,false,false,3,6-12,reps,Barbell Bench Press,bench press chest press pec push,
ex-0242-decline-wide-grip-cable-chest-press,Decline Wide-Grip Cable Chest Press,,Chest,Triceps|Anterior Deltoids,Chest,Cable,Strength,Horizontal Push,Resistance,Compound,Push,Intermediate,false,false,3,6-12,reps,Cable Chest Press,bench press chest press pec push,
ex-0243-decline-wide-grip-dumbbell-bench-press,Decline Wide-Grip Dumbbell Bench Press,,Chest,Triceps|Anterior Deltoids,Chest,Dumbbells,Strength,Horizontal Push,Resistance,Compound,Push,Intermediate,false,false,3,6-12,reps,Dumbbell Bench Press,bench press chest press pec push,
ex-0244-decline-wide-grip-machine-chest-press,Decline Wide-Grip Machine Chest Press,,Chest,Triceps|Anterior Deltoids,Chest,Machine,Strength,Horizontal Push,Resistance,Compound,Push,Intermediate,false,false,3,6-12,reps,Machine Chest Press,bench press chest press pec push,
ex-0245-decline-wide-grip-plate-loaded-chest-press,Decline Wide-Grip Plate-Loaded Chest Press,,Chest,Triceps|Anterior Deltoids,Chest,Plate-Loaded Machine,Strength,Horizontal Push,Resistance,Compound,Push,Intermediate,false,false,3,6-12,reps,Plate-Loaded Chest Press,bench press chest press pec push,
ex-0246-decline-wide-grip-smith-machine-bench-press,Decline Wide-Grip Smith Machine Bench Press,,Chest,Triceps|Anterior Deltoids,Chest,Smith Machine,Strength,Horizontal Push,Resistance,Compound,Push,Intermediate,false,false,3,6-12,reps,Smith Machine Bench Press,bench press chest press pec push,
ex-0247-deficit-push-up,Deficit Push-Up,,Chest,Triceps|Anterior Deltoids|Core,Chest,Bodyweight,Bodyweight,Horizontal Push,Calisthenics,Compound,Push,Intermediate,false,true,3,8-20,reps,Push-Up,pushup press chest bodyweight,
ex-0248-diamond-push-up,Diamond Push-Up,,Chest,Triceps|Anterior Deltoids|Core,Chest,Bodyweight,Bodyweight,Horizontal Push,Calisthenics,Compound,Push,Intermediate,false,true,3,8-20,reps,Push-Up,pushup press chest bodyweight,
ex-0249-dumbbell-bench-press,Dumbbell Bench Press,,Chest,Triceps|Anterior Deltoids,Chest,Dumbbells,Strength,Horizontal Push,Resistance,Compound,Push,Intermediate,false,false,3,6-12,reps,Dumbbell Bench Press,bench press chest press pec push,
ex-0250-eccentric-barbell-bench-press,Eccentric Barbell Bench Press,,Chest,Triceps|Anterior Deltoids,Chest,Barbell,Strength,Horizontal Push,Resistance,Compound,Push,Advanced,false,false,3,5-10,reps,Barbell Bench Press,bench press chest press pec push advanced variation,
ex-0251-eccentric-dumbbell-bench-press,Eccentric Dumbbell Bench Press,,Chest,Triceps|Anterior Deltoids,Chest,Dumbbells,Strength,Horizontal Push,Resistance,Compound,Push,Advanced,false,false,3,5-10,reps,Dumbbell Bench Press,bench press chest press pec push advanced variation,
ex-0252-flat-cable-fly,Flat Cable Fly,,Chest,Anterior Deltoids,Chest,Cable,Strength,Horizontal Adduction,Resistance,Isolation,Push,Intermediate,false,false,3,10-15,reps,Chest Fly,pec fly chest fly,
ex-0253-flat-dumbbell-fly,Flat Dumbbell Fly,,Chest,Anterior Deltoids,Chest,Dumbbells,Strength,Horizontal Adduction,Resistance,Isolation,Push,Intermediate,false,false,3,10-15,reps,Chest Fly,pec fly chest fly,
ex-0254-flat-machine-fly,Flat Machine Fly,,Chest,Anterior Deltoids,Chest,Machine,Strength,Horizontal Adduction,Resistance,Isolation,Push,Beginner,false,false,3,10-15,reps,Chest Fly,pec fly chest fly,
ex-0255-flat-pec-deck-fly,Flat Pec Deck Fly,,Chest,Anterior Deltoids,Chest,Pec Deck,Strength,Horizontal Adduction,Resistance,Isolation,Push,Beginner,false,false,3,10-15,reps,Chest Fly,pec fly chest fly,
ex-0256-flat-resistance-band-fly,Flat Resistance Band Fly,,Chest,Anterior Deltoids,Chest,Resistance Band,Strength,Horizontal Adduction,Resistance,Isolation,Push,Intermediate,false,false,3,10-15,reps,Chest Fly,pec fly chest fly,
ex-0257-hand-release-push-up,Hand-Release Push-Up,,Chest,Triceps|Anterior Deltoids|Core,Chest,Bodyweight,Bodyweight,Horizontal Push,Calisthenics,Compound,Push,Beginner,false,true,3,8-20,reps,Push-Up,pushup press chest bodyweight,
ex-0258-high-to-low-cable-fly,High-to-Low Cable Fly,,Chest,Anterior Deltoids,Chest,Cable,Strength,Horizontal Adduction,Resistance,Isolation,Push,Intermediate,false,false,3,10-15,reps,Chest Fly,pec fly chest fly,
ex-0259-high-to-low-machine-fly,High-to-Low Machine Fly,,Chest,Anterior Deltoids,Chest,Machine,Strength,Horizontal Adduction,Resistance,Isolation,Push,Beginner,false,false,3,10-15,reps,Chest Fly,pec fly chest fly,
ex-0260-high-to-low-pec-deck-fly,High-to-Low Pec Deck Fly,,Chest,Anterior Deltoids,Chest,Pec Deck,Strength,Horizontal Adduction,Resistance,Isolation,Push,Beginner,false,false,3,10-15,reps,Chest Fly,pec fly chest fly,
ex-0261-high-to-low-resistance-band-fly,High-to-Low Resistance Band Fly,,Chest,Anterior Deltoids,Chest,Resistance Band,Strength,Horizontal Adduction,Resistance,Isolation,Push,Intermediate,false,false,3,10-15,reps,Chest Fly,pec fly chest fly,
ex-0262-incline-barbell-bench-press,Incline Barbell Bench Press,,Chest,Triceps|Anterior Deltoids,Chest,Barbell,Strength,Horizontal Push,Resistance,Compound,Push,Intermediate,false,false,3,6-12,reps,Barbell Bench Press,bench press chest press pec push,
ex-0263-incline-cable-chest-press,Incline Cable Chest Press,,Chest,Triceps|Anterior Deltoids,Chest,Cable,Strength,Horizontal Push,Resistance,Compound,Push,Intermediate,false,false,3,6-12,reps,Cable Chest Press,bench press chest press pec push,
ex-0264-incline-cable-fly,Incline Cable Fly,,Chest,Anterior Deltoids,Chest,Cable,Strength,Horizontal Adduction,Resistance,Isolation,Push,Intermediate,false,false,3,10-15,reps,Chest Fly,pec fly chest fly,
ex-0265-incline-close-grip-barbell-bench-press,Incline Close-Grip Barbell Bench Press,,Chest,Triceps|Anterior Deltoids,Chest,Barbell,Strength,Horizontal Push,Resistance,Compound,Push,Intermediate,false,false,3,6-12,reps,Barbell Bench Press,bench press chest press pec push,
ex-0266-incline-close-grip-cable-chest-press,Incline Close-Grip Cable Chest Press,,Chest,Triceps|Anterior Deltoids,Chest,Cable,Strength,Horizontal Push,Resistance,Compound,Push,Intermediate,false,false,3,6-12,reps,Cable Chest Press,bench press chest press pec push,
ex-0267-incline-close-grip-dumbbell-bench-press,Incline Close-Grip Dumbbell Bench Press,,Chest,Triceps|Anterior Deltoids,Chest,Dumbbells,Strength,Horizontal Push,Resistance,Compound,Push,Intermediate,false,false,3,6-12,reps,Dumbbell Bench Press,bench press chest press pec push,
ex-0268-incline-close-grip-machine-chest-press,Incline Close-Grip Machine Chest Press,,Chest,Triceps|Anterior Deltoids,Chest,Machine,Strength,Horizontal Push,Resistance,Compound,Push,Intermediate,false,false,3,6-12,reps,Machine Chest Press,bench press chest press pec push,
ex-0269-incline-close-grip-plate-loaded-chest-press,Incline Close-Grip Plate-Loaded Chest Press,,Chest,Triceps|Anterior Deltoids,Chest,Plate-Loaded Machine,Strength,Horizontal Push,Resistance,Compound,Push,Intermediate,false,false,3,6-12,reps,Plate-Loaded Chest Press,bench press chest press pec push,
ex-0270-incline-close-grip-smith-machine-bench-press,Incline Close-Grip Smith Machine Bench Press,,Chest,Triceps|Anterior Deltoids,Chest,Smith Machine,Strength,Horizontal Push,Resistance,Compound,Push,Intermediate,false,false,3,6-12,reps,Smith Machine Bench Press,bench press chest press pec push,
ex-0271-incline-dumbbell-bench-press,Incline Dumbbell Bench Press,,Chest,Triceps|Anterior Deltoids,Chest,Dumbbells,Strength,Horizontal Push,Resistance,Compound,Push,Intermediate,false,false,3,6-12,reps,Dumbbell Bench Press,bench press chest press pec push,
ex-0272-incline-dumbbell-fly,Incline Dumbbell Fly,,Chest,Anterior Deltoids,Chest,Dumbbells,Strength,Horizontal Adduction,Resistance,Isolation,Push,Intermediate,false,false,3,10-15,reps,Chest Fly,pec fly chest fly,
ex-0273-incline-machine-chest-press,Incline Machine Chest Press,,Chest,Triceps|Anterior Deltoids,Chest,Machine,Strength,Horizontal Push,Resistance,Compound,Push,Intermediate,false,false,3,6-12,reps,Machine Chest Press,bench press chest press pec push,
ex-0274-incline-machine-fly,Incline Machine Fly,,Chest,Anterior Deltoids,Chest,Machine,Strength,Horizontal Adduction,Resistance,Isolation,Push,Beginner,false,false,3,10-15,reps,Chest Fly,pec fly chest fly,
ex-0275-incline-pec-deck-fly,Incline Pec Deck Fly,,Chest,Anterior Deltoids,Chest,Pec Deck,Strength,Horizontal Adduction,Resistance,Isolation,Push,Beginner,false,false,3,10-15,reps,Chest Fly,pec fly chest fly,
ex-0276-incline-plate-loaded-chest-press,Incline Plate-Loaded Chest Press,,Chest,Triceps|Anterior Deltoids,Chest,Plate-Loaded Machine,Strength,Horizontal Push,Resistance,Compound,Push,Intermediate,false,false,3,6-12,reps,Plate-Loaded Chest Press,bench press chest press pec push,
ex-0277-incline-push-up,Incline Push-Up,,Chest,Triceps|Anterior Deltoids|Core,Chest,Bodyweight,Bodyweight,Horizontal Push,Calisthenics,Compound,Push,Beginner,false,true,3,8-20,reps,Push-Up,pushup press chest bodyweight,
ex-0278-incline-resistance-band-fly,Incline Resistance Band Fly,,Chest,Anterior Deltoids,Chest,Resistance Band,Strength,Horizontal Adduction,Resistance,Isolation,Push,Intermediate,false,false,3,10-15,reps,Chest Fly,pec fly chest fly,
ex-0279-incline-reverse-grip-barbell-bench-press,Incline Reverse-Grip Barbell Bench Press,,Chest,Triceps|Anterior Deltoids,Chest,Barbell,Strength,Horizontal Push,Resistance,Compound,Push,Intermediate,false,false,3,6-12,reps,Barbell Bench Press,bench press chest press pec push,
ex-0280-incline-reverse-grip-dumbbell-bench-press,Incline Reverse-Grip Dumbbell Bench Press,,Chest,Triceps|Anterior Deltoids,Chest,Dumbbells,Strength,Horizontal Push,Resistance,Compound,Push,Intermediate,false,false,3,6-12,reps,Dumbbell Bench Press,bench press chest press pec push,
ex-0281-incline-reverse-grip-smith-machine-bench-press,Incline Reverse-Grip Smith Machine Bench Press,,Chest,Triceps|Anterior Deltoids,Chest,Smith Machine,Strength,Horizontal Push,Resistance,Compound,Push,Intermediate,false,false,3,6-12,reps,Smith Machine Bench Press,bench press chest press pec push,
ex-0282-incline-smith-machine-bench-press,Incline Smith Machine Bench Press,,Chest,Triceps|Anterior Deltoids,Chest,Smith Machine,Strength,Horizontal Push,Resistance,Compound,Push,Intermediate,false,false,3,6-12,reps,Smith Machine Bench Press,bench press chest press pec push,
ex-0283-incline-wide-grip-barbell-bench-press,Incline Wide-Grip Barbell Bench Press,,Chest,Triceps|Anterior Deltoids,Chest,Barbell,Strength,Horizontal Push,Resistance,Compound,Push,Intermediate,false,false,3,6-12,reps,Barbell Bench Press,bench press chest press pec push,
ex-0284-incline-wide-grip-cable-chest-press,Incline Wide-Grip Cable Chest Press,,Chest,Triceps|Anterior Deltoids,Chest,Cable,Strength,Horizontal Push,Resistance,Compound,Push,Intermediate,false,false,3,6-12,reps,Cable Chest Press,bench press chest press pec push,
ex-0285-incline-wide-grip-dumbbell-bench-press,Incline Wide-Grip Dumbbell Bench Press,,Chest,Triceps|Anterior Deltoids,Chest,Dumbbells,Strength,Horizontal Push,Resistance,Compound,Push,Intermediate,false,false,3,6-12,reps,Dumbbell Bench Press,bench press chest press pec push,
ex-0286-incline-wide-grip-machine-chest-press,Incline Wide-Grip Machine Chest Press,,Chest,Triceps|Anterior Deltoids,Chest,Machine,Strength,Horizontal Push,Resistance,Compound,Push,Intermediate,false,false,3,6-12,reps,Machine Chest Press,bench press chest press pec push,
ex-0287-incline-wide-grip-plate-loaded-chest-press,Incline Wide-Grip Plate-Loaded Chest Press,,Chest,Triceps|Anterior Deltoids,Chest,Plate-Loaded Machine,Strength,Horizontal Push,Resistance,Compound,Push,Intermediate,false,false,3,6-12,reps,Plate-Loaded Chest Press,bench press chest press pec push,
ex-0288-incline-wide-grip-smith-machine-bench-press,Incline Wide-Grip Smith Machine Bench Press,,Chest,Triceps|Anterior Deltoids,Chest,Smith Machine,Strength,Horizontal Push,Resistance,Compound,Push,Intermediate,false,false,3,6-12,reps,Smith Machine Bench Press,bench press chest press pec push,
ex-0289-kneeling-push-up,Kneeling Push-Up,,Chest,Triceps|Anterior Deltoids|Core,Chest,Bodyweight,Bodyweight,Horizontal Push,Calisthenics,Compound,Push,Beginner,false,true,3,8-20,reps,Push-Up,pushup press chest bodyweight,
ex-0290-low-to-high-cable-fly,Low-to-High Cable Fly,,Chest,Anterior Deltoids,Chest,Cable,Strength,Horizontal Adduction,Resistance,Isolation,Push,Intermediate,false,false,3,10-15,reps,Chest Fly,pec fly chest fly,
ex-0291-low-to-high-machine-fly,Low-to-High Machine Fly,,Chest,Anterior Deltoids,Chest,Machine,Strength,Horizontal Adduction,Resistance,Isolation,Push,Beginner,false,false,3,10-15,reps,Chest Fly,pec fly chest fly,
ex-0292-low-to-high-pec-deck-fly,Low-to-High Pec Deck Fly,,Chest,Anterior Deltoids,Chest,Pec Deck,Strength,Horizontal Adduction,Resistance,Isolation,Push,Beginner,false,false,3,10-15,reps,Chest Fly,pec fly chest fly,
ex-0293-low-to-high-resistance-band-fly,Low-to-High Resistance Band Fly,,Chest,Anterior Deltoids,Chest,Resistance Band,Strength,Horizontal Adduction,Resistance,Isolation,Push,Intermediate,false,false,3,10-15,reps,Chest Fly,pec fly chest fly,
ex-0294-machine-chest-press,Machine Chest Press,,Chest,Triceps|Anterior Deltoids,Chest,Machine,Strength,Horizontal Push,Resistance,Compound,Push,Intermediate,false,false,3,6-12,reps,Machine Chest Press,bench press chest press pec push,
ex-0295-medicine-ball-push-up,Medicine Ball Push-Up,,Chest,Triceps|Anterior Deltoids|Core,Chest,Medicine Ball,Bodyweight,Horizontal Push,Calisthenics,Compound,Push,Intermediate,false,true,3,8-20,reps,Push-Up,pushup press chest bodyweight,
ex-0296-one-arm-push-up,One-Arm Push-Up,,Chest,Triceps|Anterior Deltoids|Core,Chest,Bodyweight,Bodyweight,Horizontal Push,Calisthenics,Compound,Push,Advanced,true,true,3,8-20,reps,Push-Up,pushup press chest bodyweight,
ex-0297-paused-barbell-bench-press,Paused Barbell Bench Press,,Chest,Triceps|Anterior Deltoids,Chest,Barbell,Strength,Horizontal Push,Resistance,Compound,Push,Advanced,false,false,3,5-10,reps,Barbell Bench Press,bench press chest press pec push advanced variation,
ex-0298-paused-dumbbell-bench-press,Paused Dumbbell Bench Press,,Chest,Triceps|Anterior Deltoids,Chest,Dumbbells,Strength,Horizontal Push,Resistance,Compound,Push,Advanced,false,false,3,5-10,reps,Dumbbell Bench Press,bench press chest press pec push advanced variation,
ex-0299-plate-loaded-chest-press,Plate-Loaded Chest Press,,Chest,Triceps|Anterior Deltoids,Chest,Plate-Loaded Machine,Strength,Horizontal Push,Resistance,Compound,Push,Intermediate,false,false,3,6-12,reps,Plate-Loaded Chest Press,bench press chest press pec push,
ex-0300-plyometric-push-up,Plyometric Push-Up,,Chest,Triceps|Anterior Deltoids|Core,Chest,Bodyweight,Bodyweight,Horizontal Push,Calisthenics,Compound,Push,Advanced,false,true,3,8-20,reps,Push-Up,pushup press chest bodyweight,
ex-0301-push-up,Push-Up,,Chest,Triceps|Anterior Deltoids|Core,Chest,Bodyweight,Bodyweight,Horizontal Push,Calisthenics,Compound,Push,Beginner,false,true,3,8-20,reps,Push-Up,pushup press chest bodyweight,
ex-0302-reverse-grip-barbell-bench-press,Reverse-Grip Barbell Bench Press,,Chest,Triceps|Anterior Deltoids,Chest,Barbell,Strength,Horizontal Push,Resistance,Compound,Push,Intermediate,false,false,3,6-12,reps,Barbell Bench Press,bench press chest press pec push,
ex-0303-reverse-grip-dumbbell-bench-press,Reverse-Grip Dumbbell Bench Press,,Chest,Triceps|Anterior Deltoids,Chest,Dumbbells,Strength,Horizontal Push,Resistance,Compound,Push,Intermediate,false,false,3,6-12,reps,Dumbbell Bench Press,bench press chest press pec push,
ex-0304-reverse-grip-smith-machine-bench-press,Reverse-Grip Smith Machine Bench Press,,Chest,Triceps|Anterior Deltoids,Chest,Smith Machine,Strength,Horizontal Push,Resistance,Compound,Push,Intermediate,false,false,3,6-12,reps,Smith Machine Bench Press,bench press chest press pec push,
ex-0305-ring-push-up,Ring Push-Up,,Chest,Triceps|Anterior Deltoids|Core,Chest,Rings,Bodyweight,Horizontal Push,Calisthenics,Compound,Push,Advanced,false,true,3,8-20,reps,Push-Up,pushup press chest bodyweight,
ex-0306-single-arm-cable-chest-press,Single-Arm Cable Chest Press,,Chest,Triceps|Anterior Deltoids|Core,Chest,Cable,Strength,Horizontal Push,Resistance,Compound,Push,Intermediate,true,false,3,8-12,reps,Cable Chest Press,unilateral chest press,
ex-0307-single-arm-decline-cable-fly,Single-Arm Decline Cable Fly,,Chest,Anterior Deltoids|Core,Chest,Cable,Strength,Horizontal Adduction,Resistance,Isolation,Push,Intermediate,true,false,3,10-15,reps,Chest Fly,unilateral cable fly,
ex-0308-single-arm-decline-resistance-band-fly,Single-Arm Decline Resistance Band Fly,,Chest,Anterior Deltoids|Core,Chest,Resistance Band,Strength,Horizontal Adduction,Resistance,Isolation,Push,Intermediate,true,false,3,10-15,reps,Chest Fly,unilateral cable fly,
ex-0309-single-arm-dumbbell-bench-press,Single-Arm Dumbbell Bench Press,,Chest,Triceps|Anterior Deltoids|Core,Chest,Dumbbells,Strength,Horizontal Push,Resistance,Compound,Push,Intermediate,true,false,3,8-12,reps,Dumbbell Bench Press,unilateral chest press,
ex-0310-single-arm-flat-cable-fly,Single-Arm Flat Cable Fly,,Chest,Anterior Deltoids|Core,Chest,Cable,Strength,Horizontal Adduction,Resistance,Isolation,Push,Intermediate,true,false,3,10-15,reps,Chest Fly,unilateral cable fly,
ex-0311-single-arm-flat-resistance-band-fly,Single-Arm Flat Resistance Band Fly,,Chest,Anterior Deltoids|Core,Chest,Resistance Band,Strength,Horizontal Adduction,Resistance,Isolation,Push,Intermediate,true,false,3,10-15,reps,Chest Fly,unilateral cable fly,
ex-0312-single-arm-high-to-low-cable-fly,Single-Arm High-to-Low Cable Fly,,Chest,Anterior Deltoids|Core,Chest,Cable,Strength,Horizontal Adduction,Resistance,Isolation,Push,Intermediate,true,false,3,10-15,reps,Chest Fly,unilateral cable fly,
ex-0313-single-arm-high-to-low-resistance-band-fly,Single-Arm High-to-Low Resistance Band Fly,,Chest,Anterior Deltoids|Core,Chest,Resistance Band,Strength,Horizontal Adduction,Resistance,Isolation,Push,Intermediate,true,false,3,10-15,reps,Chest Fly,unilateral cable fly,
ex-0314-single-arm-incline-cable-fly,Single-Arm Incline Cable Fly,,Chest,Anterior Deltoids|Core,Chest,Cable,Strength,Horizontal Adduction,Resistance,Isolation,Push,Intermediate,true,false,3,10-15,reps,Chest Fly,unilateral cable fly,
ex-0315-single-arm-incline-resistance-band-fly,Single-Arm Incline Resistance Band Fly,,Chest,Anterior Deltoids|Core,Chest,Resistance Band,Strength,Horizontal Adduction,Resistance,Isolation,Push,Intermediate,true,false,3,10-15,reps,Chest Fly,unilateral cable fly,
ex-0316-single-arm-low-to-high-cable-fly,Single-Arm Low-to-High Cable Fly,,Chest,Anterior Deltoids|Core,Chest,Cable,Strength,Horizontal Adduction,Resistance,Isolation,Push,Intermediate,true,false,3,10-15,reps,Chest Fly,unilateral cable fly,
ex-0317-single-arm-low-to-high-resistance-band-fly,Single-Arm Low-to-High Resistance Band Fly,,Chest,Anterior Deltoids|Core,Chest,Resistance Band,Strength,Horizontal Adduction,Resistance,Isolation,Push,Intermediate,true,false,3,10-15,reps,Chest Fly,unilateral cable fly,
ex-0318-single-arm-machine-chest-press,Single-Arm Machine Chest Press,,Chest,Triceps|Anterior Deltoids|Core,Chest,Machine,Strength,Horizontal Push,Resistance,Compound,Push,Intermediate,true,false,3,8-12,reps,Machine Chest Press,unilateral chest press,
ex-0319-single-arm-plate-loaded-chest-press,Single-Arm Plate-Loaded Chest Press,,Chest,Triceps|Anterior Deltoids|Core,Chest,Plate-Loaded Machine,Strength,Horizontal Push,Resistance,Compound,Push,Intermediate,true,false,3,8-12,reps,Plate-Loaded Chest Press,unilateral chest press,
ex-0320-smith-machine-bench-press,Smith Machine Bench Press,,Chest,Triceps|Anterior Deltoids,Chest,Smith Machine,Strength,Horizontal Push,Resistance,Compound,Push,Intermediate,false,false,3,6-12,reps,Smith Machine Bench Press,bench press chest press pec push,
ex-0321-spiderman-push-up,Spiderman Push-Up,,Chest,Triceps|Anterior Deltoids|Core,Chest,Bodyweight,Bodyweight,Horizontal Push,Calisthenics,Compound,Push,Advanced,false,true,3,8-20,reps,Push-Up,pushup press chest bodyweight,
ex-0322-staggered-push-up,Staggered Push-Up,,Chest,Triceps|Anterior Deltoids|Core,Chest,Bodyweight,Bodyweight,Horizontal Push,Calisthenics,Compound,Push,Intermediate,true,true,3,8-20,reps,Push-Up,pushup press chest bodyweight,
ex-0323-trx-push-up,TRX Push-Up,,Chest,Triceps|Anterior Deltoids|Core,Chest,Suspension Trainer,Bodyweight,Horizontal Push,Calisthenics,Compound,Push,Intermediate,false,true,3,8-20,reps,Push-Up,pushup press chest bodyweight,
ex-0324-tempo-barbell-bench-press,Tempo Barbell Bench Press,,Chest,Triceps|Anterior Deltoids,Chest,Barbell,Strength,Horizontal Push,Resistance,Compound,Push,Advanced,false,false,3,5-10,reps,Barbell Bench Press,bench press chest press pec push advanced variation,
ex-0325-tempo-dumbbell-bench-press,Tempo Dumbbell Bench Press,,Chest,Triceps|Anterior Deltoids,Chest,Dumbbells,Strength,Horizontal Push,Resistance,Compound,Push,Advanced,false,false,3,5-10,reps,Dumbbell Bench Press,bench press chest press pec push advanced variation,
ex-0326-tempo-push-up,Tempo Push-Up,,Chest,Triceps|Anterior Deltoids|Core,Chest,Bodyweight,Bodyweight,Horizontal Push,Calisthenics,Compound,Push,Intermediate,false,true,3,8-20,reps,Push-Up,pushup press chest bodyweight,
ex-0327-weighted-push-up,Weighted Push-Up,,Chest,Triceps|Anterior Deltoids|Core,Chest,Bodyweight,Bodyweight,Horizontal Push,Calisthenics,Compound,Push,Advanced,false,true,3,8-20,reps,Push-Up,pushup press chest bodyweight,
ex-0328-wide-push-up,Wide Push-Up,,Chest,Triceps|Anterior Deltoids|Core,Chest,Bodyweight,Bodyweight,Horizontal Push,Calisthenics,Compound,Push,Beginner,false,true,3,8-20,reps,Push-Up,pushup press chest bodyweight,
ex-0329-wide-grip-barbell-bench-press,Wide-Grip Barbell Bench Press,,Chest,Triceps|Anterior Deltoids,Chest,Barbell,Strength,Horizontal Push,Resistance,Compound,Push,Intermediate,false,false,3,6-12,reps,Barbell Bench Press,bench press chest press pec push,
ex-0330-wide-grip-cable-chest-press,Wide-Grip Cable Chest Press,,Chest,Triceps|Anterior Deltoids,Chest,Cable,Strength,Horizontal Push,Resistance,Compound,Push,Intermediate,false,false,3,6-12,reps,Cable Chest Press,bench press chest press pec push,
ex-0331-wide-grip-dumbbell-bench-press,Wide-Grip Dumbbell Bench Press,,Chest,Triceps|Anterior Deltoids,Chest,Dumbbells,Strength,Horizontal Push,Resistance,Compound,Push,Intermediate,false,false,3,6-12,reps,Dumbbell Bench Press,bench press chest press pec push,
ex-0332-wide-grip-machine-chest-press,Wide-Grip Machine Chest Press,,Chest,Triceps|Anterior Deltoids,Chest,Machine,Strength,Horizontal Push,Resistance,Compound,Push,Intermediate,false,false,3,6-12,reps,Machine Chest Press,bench press chest press pec push,
ex-0333-wide-grip-plate-loaded-chest-press,Wide-Grip Plate-Loaded Chest Press,,Chest,Triceps|Anterior Deltoids,Chest,Plate-Loaded Machine,Strength,Horizontal Push,Resistance,Compound,Push,Intermediate,false,false,3,6-12,reps,Plate-Loaded Chest Press,bench press chest press pec push,
ex-0334-wide-grip-smith-machine-bench-press,Wide-Grip Smith Machine Bench Press,,Chest,Triceps|Anterior Deltoids,Chest,Smith Machine,Strength,Horizontal Push,Resistance,Compound,Push,Intermediate,false,false,3,6-12,reps,Smith Machine Bench Press,bench press chest press pec push,
ex-0335-5-10-5-pro-agility-shuttle,5-10-5 Pro Agility Shuttle,,Full Body,Calves|Quadriceps|Glutes|Core,Conditioning,Cones,Conditioning,Locomotion,Conditioning,Compound,Other,Intermediate,false,false,3,20-60 sec,time,Athletic Drill,athletic conditioning agility speed,
ex-0336-a-skip,A-Skip,,Full Body,Calves|Quadriceps|Glutes|Core,Conditioning,Bodyweight,Conditioning,Locomotion,Conditioning,Compound,Other,Intermediate,false,true,3,20-60 sec,time,Athletic Drill,athletic conditioning agility speed,
ex-0337-b-skip,B-Skip,,Full Body,Calves|Quadriceps|Glutes|Core,Conditioning,Bodyweight,Conditioning,Locomotion,Conditioning,Compound,Other,Intermediate,false,true,3,20-60 sec,time,Athletic Drill,athletic conditioning agility speed,
ex-0338-bounding,Bounding,,Full Body,Calves|Quadriceps|Glutes|Core,Conditioning,Bodyweight,Conditioning,Locomotion,Conditioning,Compound,Other,Intermediate,false,true,3,20-60 sec,time,Athletic Drill,athletic conditioning agility speed,
ex-0339-boxing-footwork-drill,Boxing Footwork Drill,,Full Body,Calves|Quadriceps|Glutes|Core,Conditioning,Bodyweight,Conditioning,Locomotion,Conditioning,Compound,Other,Intermediate,false,true,3,20-60 sec,time,Athletic Drill,athletic conditioning agility speed,
ex-0340-butt-kicks,Butt Kicks,,Full Body,Calves|Quadriceps|Glutes|Core,Conditioning,Bodyweight,Conditioning,Locomotion,Conditioning,Compound,Other,Intermediate,false,true,3,20-60 sec,time,Athletic Drill,athletic conditioning agility speed,
ex-0341-carioca-drill,Carioca Drill,,Full Body,Calves|Quadriceps|Glutes|Core,Conditioning,Bodyweight,Conditioning,Locomotion,Conditioning,Compound,Other,Intermediate,false,true,3,20-60 sec,time,Athletic Drill,athletic conditioning agility speed,
ex-0342-cone-drill,Cone Drill,,Full Body,Calves|Quadriceps|Glutes|Core,Conditioning,Cones,Conditioning,Locomotion,Conditioning,Compound,Other,Intermediate,false,false,3,20-60 sec,time,Athletic Drill,athletic conditioning agility speed,
ex-0343-high-knees,High Knees,,Full Body,Calves|Quadriceps|Glutes|Core,Conditioning,Bodyweight,Conditioning,Locomotion,Conditioning,Compound,Other,Intermediate,false,true,3,20-60 sec,time,Athletic Drill,athletic conditioning agility speed,
ex-0344-hill-sprint,Hill Sprint,,Full Body,Calves|Quadriceps|Glutes|Core,Conditioning,Running,Conditioning,Locomotion,Conditioning,Compound,Other,Intermediate,false,false,3,20-60 sec,time,Athletic Drill,athletic conditioning agility speed,
ex-0345-jumping-jack,Jumping Jack,,Full Body,Calves|Quadriceps|Glutes|Core,Conditioning,Bodyweight,Conditioning,Locomotion,Conditioning,Compound,Other,Intermediate,false,true,3,20-60 sec,time,Athletic Drill,athletic conditioning agility speed,
ex-0346-lateral-bound,Lateral Bound,,Full Body,Calves|Quadriceps|Glutes|Core,Conditioning,Bodyweight,Conditioning,Locomotion,Conditioning,Compound,Other,Intermediate,false,true,3,20-60 sec,time,Athletic Drill,athletic conditioning agility speed,
ex-0347-lateral-shuffle,Lateral Shuffle,,Full Body,Calves|Quadriceps|Glutes|Core,Conditioning,Bodyweight,Conditioning,Locomotion,Conditioning,Compound,Other,Intermediate,false,true,3,20-60 sec,time,Athletic Drill,athletic conditioning agility speed,
ex-0348-seal-jack,Seal Jack,,Full Body,Calves|Quadriceps|Glutes|Core,Conditioning,Bodyweight,Conditioning,Locomotion,Conditioning,Compound,Other,Intermediate,false,true,3,20-60 sec,time,Athletic Drill,athletic conditioning agility speed,
ex-0349-shuttle-run,Shuttle Run,,Full Body,Calves|Quadriceps|Glutes|Core,Conditioning,Running,Conditioning,Locomotion,Conditioning,Compound,Other,Intermediate,false,false,3,20-60 sec,time,Athletic Drill,athletic conditioning agility speed,
ex-0350-skater-hop,Skater Hop,,Full Body,Calves|Quadriceps|Glutes|Core,Conditioning,Bodyweight,Conditioning,Locomotion,Conditioning,Compound,Other,Intermediate,false,true,3,20-60 sec,time,Athletic Drill,athletic conditioning agility speed,
ex-0351-stadium-stair-run,Stadium Stair Run,,Full Body,Calves|Quadriceps|Glutes|Core,Conditioning,Running,Conditioning,Locomotion,Conditioning,Compound,Other,Intermediate,false,false,3,20-60 sec,time,Athletic Drill,athletic conditioning agility speed,
ex-0352-suicide-sprint,Suicide Sprint,,Full Body,Calves|Quadriceps|Glutes|Core,Conditioning,Running,Conditioning,Locomotion,Conditioning,Compound,Other,Intermediate,false,false,3,20-60 sec,time,Athletic Drill,athletic conditioning agility speed,
ex-0353-tuck-jump,Tuck Jump,,Full Body,Calves|Quadriceps|Glutes|Core,Conditioning,Bodyweight,Conditioning,Locomotion,Conditioning,Compound,Other,Intermediate,false,true,3,20-60 sec,time,Athletic Drill,athletic conditioning agility speed,
ex-0354-ab-wheel-rollout,Ab Wheel Rollout,,Rectus Abdominis,Hip Flexors|Obliques|Lower Back,Core,Bodyweight,Core,Core Anti-Extension,Core,Isolation,Other,Intermediate,false,true,3,10-20,reps,Ab Wheel Rollout,abs core trunk,
ex-0355-bird-dog,Bird Dog,,Core,Hip Flexors|Obliques|Lower Back,Core,Bodyweight,Core,Core Anti-Rotation,Core,Isolation,Other,Intermediate,false,true,3,10-20,reps,Bird Dog,abs core trunk,
ex-0356-cable-bird-dog,Cable Bird Dog,,Core,Hip Flexors|Obliques|Lower Back,Core,Cable,Core,Core Anti-Rotation,Core,Isolation,Other,Intermediate,false,false,3,10-20,reps,Bird Dog,abs core trunk,
ex-0357-cable-crunch,Cable Crunch,,Rectus Abdominis,Hip Flexors|Obliques|Lower Back,Core,Cable,Core,Core Spinal Flexion,Core,Isolation,Other,Intermediate,false,false,3,10-20,reps,Crunch,abs core trunk,
ex-0358-cable-dead-bug,Cable Dead Bug,,Transverse Abdominis,Hip Flexors|Obliques|Lower Back,Core,Cable,Core,Core Anti-Extension,Core,Isolation,Other,Intermediate,false,false,3,10-20,reps,Dead Bug,abs core trunk,
ex-0359-cable-hollow-hold,Cable Hollow Hold,,Rectus Abdominis,Hip Flexors|Obliques|Lower Back,Core,Cable,Core,Core Anti-Extension,Core,Isolation,Static,Intermediate,false,false,3,30-60 sec,time,Hollow Hold,abs core trunk,
ex-0360-cable-mountain-climber,Cable Mountain Climber,,Core,Hip Flexors|Obliques|Lower Back,Core,Cable,Core,Core Dynamic Core,Core,Isolation,Other,Intermediate,false,false,3,10-20,reps,Mountain Climber,abs core trunk,
ex-0361-cable-pallof-press,Cable Pallof Press,,Obliques,Hip Flexors|Obliques|Lower Back,Core,Cable,Core,Core Anti-Rotation,Core,Isolation,Other,Intermediate,false,false,3,10-20,reps,Pallof Press,abs core trunk,
ex-0362-cable-plank,Cable Plank,,Transverse Abdominis,Hip Flexors|Obliques|Lower Back,Core,Cable,Core,Core Anti-Extension,Core,Isolation,Static,Intermediate,false,false,3,30-60 sec,time,Plank,abs core trunk,
ex-0363-cable-reverse-crunch,Cable Reverse Crunch,,Lower Abdominals,Hip Flexors|Obliques|Lower Back,Core,Cable,Core,Core Spinal Flexion,Core,Isolation,Other,Intermediate,false,false,3,10-20,reps,Reverse Crunch,abs core trunk,
ex-0364-cable-russian-twist,Cable Russian Twist,,Obliques,Hip Flexors|Obliques|Lower Back,Core,Cable,Core,Core Rotation,Core,Isolation,Other,Intermediate,false,false,3,10-20,reps,Russian Twist,abs core trunk,
ex-0365-cable-side-plank,Cable Side Plank,,Obliques,Hip Flexors|Obliques|Lower Back,Core,Cable,Core,Core Anti-Lateral Flexion,Core,Isolation,Static,Intermediate,true,false,3,30-60 sec,time,Side Plank,abs core trunk,
ex-0366-cable-sit-up,Cable Sit-Up,,Rectus Abdominis,Hip Flexors|Obliques|Lower Back,Core,Cable,Core,Core Spinal Flexion,Core,Isolation,Other,Intermediate,false,false,3,10-20,reps,Sit-Up,abs core trunk,
ex-0367-cable-v-up,Cable V-Up,,Rectus Abdominis,Hip Flexors|Obliques|Lower Back,Core,Cable,Core,Core Spinal Flexion,Core,Isolation,Other,Intermediate,false,false,3,10-20,reps,V-Up,abs core trunk,
ex-0368-cable-windshield-wiper,Cable Windshield Wiper,,Obliques,Hip Flexors|Obliques|Lower Back,Core,Cable,Core,Core Rotation,Core,Isolation,Other,Advanced,false,false,3,10-20,reps,Windshield Wiper,abs core trunk,
ex-0369-cable-wood-chop,Cable Wood Chop,,Obliques,Hip Flexors|Obliques|Lower Back,Core,Cable,Core,Core Rotation,Core,Isolation,Other,Intermediate,false,false,3,10-20,reps,Wood Chop,abs core trunk,
ex-0370-copenhagen-plank,Copenhagen Plank,,Adductors,Hip Flexors|Obliques|Lower Back,Core,Bodyweight,Core,Core Anti-Lateral Flexion,Core,Isolation,Static,Intermediate,true,true,3,30-60 sec,time,Copenhagen Plank,abs core trunk,
ex-0371-crunch,Crunch,,Rectus Abdominis,Hip Flexors|Obliques|Lower Back,Core,Bodyweight,Core,Core Spinal Flexion,Core,Isolation,Other,Intermediate,false,true,3,10-20,reps,Crunch,abs core trunk,
ex-0372-dead-bug,Dead Bug,,Transverse Abdominis,Hip Flexors|Obliques|Lower Back,Core,Bodyweight,Core,Core Anti-Extension,Core,Isolation,Other,Intermediate,false,true,3,10-20,reps,Dead Bug,abs core trunk,
ex-0373-dragon-flag,Dragon Flag,,Rectus Abdominis,Hip Flexors|Obliques|Lower Back,Core,Bodyweight,Core,Core Anti-Extension,Core,Isolation,Other,Advanced,false,true,3,10-20,reps,Dragon Flag,abs core trunk,
ex-0374-hanging-knee-raise,Hanging Knee Raise,,Lower Abdominals,Hip Flexors|Obliques|Lower Back,Core,Pull-Up Bar,Core,Core Hip Flexion,Core,Isolation,Other,Intermediate,false,true,3,10-20,reps,Hanging Knee Raise,abs core trunk,
ex-0375-hanging-leg-raise,Hanging Leg Raise,,Lower Abdominals,Hip Flexors|Obliques|Lower Back,Core,Pull-Up Bar,Core,Core Hip Flexion,Core,Isolation,Other,Intermediate,false,true,3,10-20,reps,Hanging Leg Raise,abs core trunk,
ex-0376-hollow-hold,Hollow Hold,,Rectus Abdominis,Hip Flexors|Obliques|Lower Back,Core,Bodyweight,Core,Core Anti-Extension,Core,Isolation,Static,Intermediate,false,true,3,30-60 sec,time,Hollow Hold,abs core trunk,
ex-0377-medicine-ball-bird-dog,Medicine Ball Bird Dog,,Core,Hip Flexors|Obliques|Lower Back,Core,Medicine Ball,Core,Core Anti-Rotation,Core,Isolation,Other,Intermediate,false,false,3,10-20,reps,Bird Dog,abs core trunk,
ex-0378-medicine-ball-crunch,Medicine Ball Crunch,,Rectus Abdominis,Hip Flexors|Obliques|Lower Back,Core,Medicine Ball,Core,Core Spinal Flexion,Core,Isolation,Other,Intermediate,false,false,3,10-20,reps,Crunch,abs core trunk,
ex-0379-medicine-ball-dead-bug,Medicine Ball Dead Bug,,Transverse Abdominis,Hip Flexors|Obliques|Lower Back,Core,Medicine Ball,Core,Core Anti-Extension,Core,Isolation,Other,Intermediate,false,false,3,10-20,reps,Dead Bug,abs core trunk,
ex-0380-medicine-ball-hollow-hold,Medicine Ball Hollow Hold,,Rectus Abdominis,Hip Flexors|Obliques|Lower Back,Core,Medicine Ball,Core,Core Anti-Extension,Core,Isolation,Static,Intermediate,false,false,3,30-60 sec,time,Hollow Hold,abs core trunk,
ex-0381-medicine-ball-mountain-climber,Medicine Ball Mountain Climber,,Core,Hip Flexors|Obliques|Lower Back,Core,Medicine Ball,Core,Core Dynamic Core,Core,Isolation,Other,Intermediate,false,false,3,10-20,reps,Mountain Climber,abs core trunk,
ex-0382-medicine-ball-plank,Medicine Ball Plank,,Transverse Abdominis,Hip Flexors|Obliques|Lower Back,Core,Medicine Ball,Core,Core Anti-Extension,Core,Isolation,Static,Intermediate,false,false,3,30-60 sec,time,Plank,abs core trunk,
ex-0383-medicine-ball-reverse-crunch,Medicine Ball Reverse Crunch,,Lower Abdominals,Hip Flexors|Obliques|Lower Back,Core,Medicine Ball,Core,Core Spinal Flexion,Core,Isolation,Other,Intermediate,false,false,3,10-20,reps,Reverse Crunch,abs core trunk,
ex-0384-medicine-ball-russian-twist,Medicine Ball Russian Twist,,Obliques,Hip Flexors|Obliques|Lower Back,Core,Medicine Ball,Core,Core Rotation,Core,Isolation,Other,Intermediate,false,false,3,10-20,reps,Russian Twist,abs core trunk,
ex-0385-medicine-ball-side-plank,Medicine Ball Side Plank,,Obliques,Hip Flexors|Obliques|Lower Back,Core,Medicine Ball,Core,Core Anti-Lateral Flexion,Core,Isolation,Static,Intermediate,true,false,3,30-60 sec,time,Side Plank,abs core trunk,
ex-0386-medicine-ball-sit-up,Medicine Ball Sit-Up,,Rectus Abdominis,Hip Flexors|Obliques|Lower Back,Core,Medicine Ball,Core,Core Spinal Flexion,Core,Isolation,Other,Intermediate,false,false,3,10-20,reps,Sit-Up,abs core trunk,
ex-0387-medicine-ball-v-up,Medicine Ball V-Up,,Rectus Abdominis,Hip Flexors|Obliques|Lower Back,Core,Medicine Ball,Core,Core Spinal Flexion,Core,Isolation,Other,Intermediate,false,false,3,10-20,reps,V-Up,abs core trunk,
ex-0388-medicine-ball-windshield-wiper,Medicine Ball Windshield Wiper,,Obliques,Hip Flexors|Obliques|Lower Back,Core,Medicine Ball,Core,Core Rotation,Core,Isolation,Other,Advanced,false,false,3,10-20,reps,Windshield Wiper,abs core trunk,
ex-0389-mountain-climber,Mountain Climber,,Core,Hip Flexors|Obliques|Lower Back,Core,Bodyweight,Core,Core Dynamic Core,Core,Isolation,Other,Intermediate,false,true,3,10-20,reps,Mountain Climber,abs core trunk,
ex-0390-plank,Plank,,Transverse Abdominis,Hip Flexors|Obliques|Lower Back,Core,Bodyweight,Core,Core Anti-Extension,Core,Isolation,Static,Intermediate,false,true,3,30-60 sec,time,Plank,abs core trunk,
ex-0391-resistance-band-bird-dog,Resistance Band Bird Dog,,Core,Hip Flexors|Obliques|Lower Back,Core,Resistance Band,Core,Core Anti-Rotation,Core,Isolation,Other,Intermediate,false,false,3,10-20,reps,Bird Dog,abs core trunk,
ex-0392-resistance-band-crunch,Resistance Band Crunch,,Rectus Abdominis,Hip Flexors|Obliques|Lower Back,Core,Resistance Band,Core,Core Spinal Flexion,Core,Isolation,Other,Intermediate,false,false,3,10-20,reps,Crunch,abs core trunk,
ex-0393-resistance-band-dead-bug,Resistance Band Dead Bug,,Transverse Abdominis,Hip Flexors|Obliques|Lower Back,Core,Resistance Band,Core,Core Anti-Extension,Core,Isolation,Other,Intermediate,false,false,3,10-20,reps,Dead Bug,abs core trunk,
ex-0394-resistance-band-hollow-hold,Resistance Band Hollow Hold,,Rectus Abdominis,Hip Flexors|Obliques|Lower Back,Core,Resistance Band,Core,Core Anti-Extension,Core,Isolation,Static,Intermediate,false,false,3,30-60 sec,time,Hollow Hold,abs core trunk,
ex-0395-resistance-band-mountain-climber,Resistance Band Mountain Climber,,Core,Hip Flexors|Obliques|Lower Back,Core,Resistance Band,Core,Core Dynamic Core,Core,Isolation,Other,Intermediate,false,false,3,10-20,reps,Mountain Climber,abs core trunk,
ex-0396-resistance-band-pallof-press,Resistance Band Pallof Press,,Obliques,Hip Flexors|Obliques|Lower Back,Core,Resistance Band,Core,Core Anti-Rotation,Core,Isolation,Other,Intermediate,false,false,3,10-20,reps,Pallof Press,abs core trunk,
ex-0397-resistance-band-plank,Resistance Band Plank,,Transverse Abdominis,Hip Flexors|Obliques|Lower Back,Core,Resistance Band,Core,Core Anti-Extension,Core,Isolation,Static,Intermediate,false,false,3,30-60 sec,time,Plank,abs core trunk,
ex-0398-resistance-band-reverse-crunch,Resistance Band Reverse Crunch,,Lower Abdominals,Hip Flexors|Obliques|Lower Back,Core,Resistance Band,Core,Core Spinal Flexion,Core,Isolation,Other,Intermediate,false,false,3,10-20,reps,Reverse Crunch,abs core trunk,
ex-0399-resistance-band-russian-twist,Resistance Band Russian Twist,,Obliques,Hip Flexors|Obliques|Lower Back,Core,Resistance Band,Core,Core Rotation,Core,Isolation,Other,Intermediate,false,false,3,10-20,reps,Russian Twist,abs core trunk,
ex-0400-resistance-band-side-plank,Resistance Band Side Plank,,Obliques,Hip Flexors|Obliques|Lower Back,Core,Resistance Band,Core,Core Anti-Lateral Flexion,Core,Isolation,Static,Intermediate,true,false,3,30-60 sec,time,Side Plank,abs core trunk,
ex-0401-resistance-band-sit-up,Resistance Band Sit-Up,,Rectus Abdominis,Hip Flexors|Obliques|Lower Back,Core,Resistance Band,Core,Core Spinal Flexion,Core,Isolation,Other,Intermediate,false,false,3,10-20,reps,Sit-Up,abs core trunk,
ex-0402-resistance-band-v-up,Resistance Band V-Up,,Rectus Abdominis,Hip Flexors|Obliques|Lower Back,Core,Resistance Band,Core,Core Spinal Flexion,Core,Isolation,Other,Intermediate,false,false,3,10-20,reps,V-Up,abs core trunk,
ex-0403-resistance-band-windshield-wiper,Resistance Band Windshield Wiper,,Obliques,Hip Flexors|Obliques|Lower Back,Core,Resistance Band,Core,Core Rotation,Core,Isolation,Other,Advanced,false,false,3,10-20,reps,Windshield Wiper,abs core trunk,
ex-0404-resistance-band-wood-chop,Resistance Band Wood Chop,,Obliques,Hip Flexors|Obliques|Lower Back,Core,Resistance Band,Core,Core Rotation,Core,Isolation,Other,Intermediate,false,false,3,10-20,reps,Wood Chop,abs core trunk,
ex-0405-reverse-crunch,Reverse Crunch,,Lower Abdominals,Hip Flexors|Obliques|Lower Back,Core,Bodyweight,Core,Core Spinal Flexion,Core,Isolation,Other,Intermediate,false,true,3,10-20,reps,Reverse Crunch,abs core trunk,
ex-0406-russian-twist,Russian Twist,,Obliques,Hip Flexors|Obliques|Lower Back,Core,Bodyweight,Core,Core Rotation,Core,Isolation,Other,Intermediate,false,true,3,10-20,reps,Russian Twist,abs core trunk,
ex-0407-side-plank,Side Plank,,Obliques,Hip Flexors|Obliques|Lower Back,Core,Bodyweight,Core,Core Anti-Lateral Flexion,Core,Isolation,Static,Intermediate,true,true,3,30-60 sec,time,Side Plank,abs core trunk,
ex-0408-sit-up,Sit-Up,,Rectus Abdominis,Hip Flexors|Obliques|Lower Back,Core,Bodyweight,Core,Core Spinal Flexion,Core,Isolation,Other,Intermediate,false,true,3,10-20,reps,Sit-Up,abs core trunk,
ex-0409-stability-ball-bird-dog,Stability Ball Bird Dog,,Core,Hip Flexors|Obliques|Lower Back,Core,Stability Ball,Core,Core Anti-Rotation,Core,Isolation,Other,Intermediate,false,false,3,10-20,reps,Bird Dog,abs core trunk,
ex-0410-stability-ball-crunch,Stability Ball Crunch,,Rectus Abdominis,Hip Flexors|Obliques|Lower Back,Core,Stability Ball,Core,Core Spinal Flexion,Core,Isolation,Other,Intermediate,false,false,3,10-20,reps,Crunch,abs core trunk,
ex-0411-stability-ball-dead-bug,Stability Ball Dead Bug,,Transverse Abdominis,Hip Flexors|Obliques|Lower Back,Core,Stability Ball,Core,Core Anti-Extension,Core,Isolation,Other,Intermediate,false,false,3,10-20,reps,Dead Bug,abs core trunk,
ex-0412-stability-ball-hollow-hold,Stability Ball Hollow Hold,,Rectus Abdominis,Hip Flexors|Obliques|Lower Back,Core,Stability Ball,Core,Core Anti-Extension,Core,Isolation,Static,Intermediate,false,false,3,30-60 sec,time,Hollow Hold,abs core trunk,
ex-0413-stability-ball-mountain-climber,Stability Ball Mountain Climber,,Core,Hip Flexors|Obliques|Lower Back,Core,Stability Ball,Core,Core Dynamic Core,Core,Isolation,Other,Intermediate,false,false,3,10-20,reps,Mountain Climber,abs core trunk,
ex-0414-stability-ball-plank,Stability Ball Plank,,Transverse Abdominis,Hip Flexors|Obliques|Lower Back,Core,Stability Ball,Core,Core Anti-Extension,Core,Isolation,Static,Intermediate,false,false,3,30-60 sec,time,Plank,abs core trunk,
ex-0415-stability-ball-reverse-crunch,Stability Ball Reverse Crunch,,Lower Abdominals,Hip Flexors|Obliques|Lower Back,Core,Stability Ball,Core,Core Spinal Flexion,Core,Isolation,Other,Intermediate,false,false,3,10-20,reps,Reverse Crunch,abs core trunk,
ex-0416-stability-ball-russian-twist,Stability Ball Russian Twist,,Obliques,Hip Flexors|Obliques|Lower Back,Core,Stability Ball,Core,Core Rotation,Core,Isolation,Other,Intermediate,false,false,3,10-20,reps,Russian Twist,abs core trunk,
ex-0417-stability-ball-side-plank,Stability Ball Side Plank,,Obliques,Hip Flexors|Obliques|Lower Back,Core,Stability Ball,Core,Core Anti-Lateral Flexion,Core,Isolation,Static,Intermediate,true,false,3,30-60 sec,time,Side Plank,abs core trunk,
ex-0418-stability-ball-sit-up,Stability Ball Sit-Up,,Rectus Abdominis,Hip Flexors|Obliques|Lower Back,Core,Stability Ball,Core,Core Spinal Flexion,Core,Isolation,Other,Intermediate,false,false,3,10-20,reps,Sit-Up,abs core trunk,
ex-0419-stability-ball-v-up,Stability Ball V-Up,,Rectus Abdominis,Hip Flexors|Obliques|Lower Back,Core,Stability Ball,Core,Core Spinal Flexion,Core,Isolation,Other,Intermediate,false,false,3,10-20,reps,V-Up,abs core trunk,
ex-0420-stability-ball-windshield-wiper,Stability Ball Windshield Wiper,,Obliques,Hip Flexors|Obliques|Lower Back,Core,Stability Ball,Core,Core Rotation,Core,Isolation,Other,Advanced,false,false,3,10-20,reps,Windshield Wiper,abs core trunk,
ex-0421-suspension-trainer-bird-dog,Suspension Trainer Bird Dog,,Core,Hip Flexors|Obliques|Lower Back,Core,Suspension Trainer,Core,Core Anti-Rotation,Core,Isolation,Other,Intermediate,false,false,3,10-20,reps,Bird Dog,abs core trunk,
ex-0422-suspension-trainer-crunch,Suspension Trainer Crunch,,Rectus Abdominis,Hip Flexors|Obliques|Lower Back,Core,Suspension Trainer,Core,Core Spinal Flexion,Core,Isolation,Other,Intermediate,false,false,3,10-20,reps,Crunch,abs core trunk,
ex-0423-suspension-trainer-dead-bug,Suspension Trainer Dead Bug,,Transverse Abdominis,Hip Flexors|Obliques|Lower Back,Core,Suspension Trainer,Core,Core Anti-Extension,Core,Isolation,Other,Intermediate,false,false,3,10-20,reps,Dead Bug,abs core trunk,
ex-0424-suspension-trainer-hollow-hold,Suspension Trainer Hollow Hold,,Rectus Abdominis,Hip Flexors|Obliques|Lower Back,Core,Suspension Trainer,Core,Core Anti-Extension,Core,Isolation,Static,Intermediate,false,false,3,30-60 sec,time,Hollow Hold,abs core trunk,
ex-0425-suspension-trainer-mountain-climber,Suspension Trainer Mountain Climber,,Core,Hip Flexors|Obliques|Lower Back,Core,Suspension Trainer,Core,Core Dynamic Core,Core,Isolation,Other,Intermediate,false,false,3,10-20,reps,Mountain Climber,abs core trunk,
ex-0426-suspension-trainer-plank,Suspension Trainer Plank,,Transverse Abdominis,Hip Flexors|Obliques|Lower Back,Core,Suspension Trainer,Core,Core Anti-Extension,Core,Isolation,Static,Intermediate,false,false,3,30-60 sec,time,Plank,abs core trunk,
ex-0427-suspension-trainer-reverse-crunch,Suspension Trainer Reverse Crunch,,Lower Abdominals,Hip Flexors|Obliques|Lower Back,Core,Suspension Trainer,Core,Core Spinal Flexion,Core,Isolation,Other,Intermediate,false,false,3,10-20,reps,Reverse Crunch,abs core trunk,
ex-0428-suspension-trainer-russian-twist,Suspension Trainer Russian Twist,,Obliques,Hip Flexors|Obliques|Lower Back,Core,Suspension Trainer,Core,Core Rotation,Core,Isolation,Other,Intermediate,false,false,3,10-20,reps,Russian Twist,abs core trunk,
ex-0429-suspension-trainer-side-plank,Suspension Trainer Side Plank,,Obliques,Hip Flexors|Obliques|Lower Back,Core,Suspension Trainer,Core,Core Anti-Lateral Flexion,Core,Isolation,Static,Intermediate,true,false,3,30-60 sec,time,Side Plank,abs core trunk,
ex-0430-suspension-trainer-sit-up,Suspension Trainer Sit-Up,,Rectus Abdominis,Hip Flexors|Obliques|Lower Back,Core,Suspension Trainer,Core,Core Spinal Flexion,Core,Isolation,Other,Intermediate,false,false,3,10-20,reps,Sit-Up,abs core trunk,
ex-0431-suspension-trainer-v-up,Suspension Trainer V-Up,,Rectus Abdominis,Hip Flexors|Obliques|Lower Back,Core,Suspension Trainer,Core,Core Spinal Flexion,Core,Isolation,Other,Intermediate,false,false,3,10-20,reps,V-Up,abs core trunk,
ex-0432-suspension-trainer-windshield-wiper,Suspension Trainer Windshield Wiper,,Obliques,Hip Flexors|Obliques|Lower Back,Core,Suspension Trainer,Core,Core Rotation,Core,Isolation,Other,Advanced,false,false,3,10-20,reps,Windshield Wiper,abs core trunk,
ex-0433-toes-to-bar,Toes-to-Bar,,Lower Abdominals,Hip Flexors|Obliques|Lower Back,Core,Pull-Up Bar,Core,Core Hip Flexion,Core,Isolation,Other,Advanced,false,true,3,10-20,reps,Toes-to-Bar,abs core trunk,
ex-0434-v-up,V-Up,,Rectus Abdominis,Hip Flexors|Obliques|Lower Back,Core,Bodyweight,Core,Core Spinal Flexion,Core,Isolation,Other,Intermediate,false,true,3,10-20,reps,V-Up,abs core trunk,
ex-0435-windshield-wiper,Windshield Wiper,,Obliques,Hip Flexors|Obliques|Lower Back,Core,Bodyweight,Core,Core Rotation,Core,Isolation,Other,Advanced,false,true,3,10-20,reps,Windshield Wiper,abs core trunk,
ex-0436-barbell-reverse-wrist-curl,Barbell Reverse Wrist Curl,,Forearms,Grip|Core,Forearms,Barbell,Strength,Wrist Extension,Resistance,Isolation,Pull,Intermediate,false,false,3,30-60 sec,time,Grip Training,forearm grip,
ex-0437-barbell-wrist-curl,Barbell Wrist Curl,,Forearms,Grip|Core,Forearms,Barbell,Strength,Wrist Flexion,Resistance,Isolation,Pull,Intermediate,false,false,3,30-60 sec,time,Grip Training,forearm grip,
ex-0438-cable-wrist-curl,Cable Wrist Curl,,Forearms,Grip|Core,Forearms,Cable,Strength,Wrist Flexion,Resistance,Isolation,Pull,Intermediate,false,false,3,30-60 sec,time,Grip Training,forearm grip,
ex-0439-dead-hang,Dead Hang,,Forearms,Grip|Core,Forearms,Pull-Up Bar,Strength,Grip,Resistance,Isolation,Pull,Intermediate,false,false,3,30-60 sec,time,Grip Training,forearm grip,
ex-0440-dumbbell-reverse-wrist-curl,Dumbbell Reverse Wrist Curl,,Forearms,Grip|Core,Forearms,Dumbbells,Strength,Wrist Extension,Resistance,Isolation,Pull,Intermediate,false,false,3,30-60 sec,time,Grip Training,forearm grip,
ex-0441-dumbbell-wrist-curl,Dumbbell Wrist Curl,,Forearms,Grip|Core,Forearms,Dumbbells,Strength,Wrist Flexion,Resistance,Isolation,Pull,Intermediate,false,false,3,30-60 sec,time,Grip Training,forearm grip,
ex-0442-farmer-carry,Farmer Carry,,Forearms,Grip|Core,Forearms,Dumbbells,Strength,Carry,Resistance,Compound,Pull,Intermediate,false,false,3,30-60 sec,time,Grip Training,forearm grip,
ex-0443-fat-grip-hold,Fat-Grip Hold,,Forearms,Grip|Core,Forearms,Barbell,Strength,Grip,Resistance,Isolation,Pull,Intermediate,false,false,3,30-60 sec,time,Grip Training,forearm grip,
ex-0444-plate-pinch,Plate Pinch,,Forearms,Grip|Core,Forearms,Weight Plates,Strength,Grip,Resistance,Isolation,Pull,Intermediate,false,false,3,30-60 sec,time,Grip Training,forearm grip,
ex-0445-suitcase-carry,Suitcase Carry,,Forearms,Grip|Core,Forearms,Dumbbell,Strength,Carry,Resistance,Compound,Pull,Intermediate,true,false,3,30-60 sec,time,Grip Training,forearm grip,
ex-0446-towel-hang,Towel Hang,,Forearms,Grip|Core,Forearms,Pull-Up Bar|Towel,Strength,Grip,Resistance,Isolation,Pull,Intermediate,false,false,3,30-60 sec,time,Grip Training,forearm grip,
ex-0447-trap-bar-carry,Trap Bar Carry,,Forearms,Grip|Core,Forearms,Trap Bar,Strength,Carry,Resistance,Compound,Pull,Intermediate,false,false,3,30-60 sec,time,Grip Training,forearm grip,
ex-0448-wrist-roller,Wrist Roller,,Forearms,Grip|Core,Forearms,Wrist Roller,Strength,Grip,Resistance,Isolation,Pull,Intermediate,false,false,3,30-60 sec,time,Grip Training,forearm grip,
ex-0449-agility-ladder-drill,Agility Ladder Drill,,Full Body,Core|Legs|Shoulders,Full Body,Agility Ladder,Functional,Locomotion,Conditioning,Compound,Other,Intermediate,false,false,3,6-15,reps,Functional Training,functional conditioning strongman,
ex-0450-atlas-stone-lift,Atlas Stone Lift,,Full Body,Core|Legs|Shoulders,Full Body,Atlas Stone,Functional,Locomotion,Conditioning,Compound,Other,Advanced,false,false,3,6-15,reps,Functional Training,functional conditioning strongman,
ex-0451-backward-sled-drag,Backward Sled Drag,,Full Body,Core|Legs|Shoulders,Full Body,Sled,Functional,Locomotion,Conditioning,Compound,Other,Intermediate,false,false,3,20-60 sec,time,Functional Training,functional conditioning strongman,
ex-0452-battle-rope-alternating-wave,Battle Rope Alternating Wave,,Full Body,Core|Legs|Shoulders,Full Body,Battle Ropes,Functional,Locomotion,Conditioning,Compound,Other,Intermediate,false,false,3,20-60 sec,time,Functional Training,functional conditioning strongman,
ex-0453-battle-rope-slam,Battle Rope Slam,,Full Body,Core|Legs|Shoulders,Full Body,Battle Ropes,Functional,Power,Conditioning,Compound,Other,Intermediate,false,false,3,20-60 sec,time,Functional Training,functional conditioning strongman,
ex-0454-bear-crawl,Bear Crawl,,Full Body,Core|Legs|Shoulders,Full Body,Bodyweight,Functional,Locomotion,Conditioning,Compound,Other,Intermediate,false,true,3,20-60 sec,time,Functional Training,functional conditioning strongman,
ex-0455-box-jump,Box Jump,,Full Body,Core|Legs|Shoulders,Full Body,Plyo Box,Functional,Power,Conditioning,Compound,Other,Intermediate,false,false,3,6-15,reps,Functional Training,functional conditioning strongman,
ex-0456-broad-jump,Broad Jump,,Full Body,Core|Legs|Shoulders,Full Body,Bodyweight,Functional,Power,Conditioning,Compound,Other,Intermediate,false,true,3,6-15,reps,Functional Training,functional conditioning strongman,
ex-0457-burpee,Burpee,,Full Body,Core|Legs|Shoulders,Full Body,Bodyweight,Functional,Locomotion,Conditioning,Compound,Other,Intermediate,false,true,3,6-15,reps,Functional Training,functional conditioning strongman,
ex-0458-burpee-box-jump,Burpee Box Jump,,Full Body,Core|Legs|Shoulders,Full Body,Plyo Box,Functional,Power,Conditioning,Compound,Other,Intermediate,false,false,3,6-15,reps,Functional Training,functional conditioning strongman,
ex-0459-clean,Clean,,Full Body,Quadriceps|Glutes|Hamstrings|Traps|Shoulders,Full Body,Barbell,Olympic Weightlifting,Olympic Lift,Power,Compound,Pull,Advanced,false,false,4,1-5,reps,Clean,olympic weightlifting explosive,
ex-0460-clean-high-pull,Clean High Pull,,Full Body,Quadriceps|Glutes|Hamstrings|Traps|Shoulders,Full Body,Barbell,Olympic Weightlifting,Olympic Lift,Power,Compound,Pull,Advanced,false,false,4,1-5,reps,Pull,olympic weightlifting explosive,
ex-0461-clean-pull,Clean Pull,,Full Body,Quadriceps|Glutes|Hamstrings|Traps|Shoulders,Full Body,Barbell,Olympic Weightlifting,Olympic Lift,Power,Compound,Pull,Advanced,false,false,4,1-5,reps,Pull,olympic weightlifting explosive,
ex-0462-clean-and-jerk,Clean and Jerk,,Full Body,Quadriceps|Glutes|Hamstrings|Traps|Shoulders,Full Body,Barbell,Olympic Weightlifting,Olympic Lift,Power,Compound,Push,Advanced,false,false,4,1-5,reps,Jerk,olympic weightlifting explosive,
ex-0463-crab-walk,Crab Walk,,Full Body,Core|Legs|Shoulders,Full Body,Bodyweight,Functional,Locomotion,Conditioning,Compound,Other,Intermediate,false,true,3,20-60 sec,time,Functional Training,functional conditioning strongman,
ex-0464-depth-jump,Depth Jump,,Full Body,Core|Legs|Shoulders,Full Body,Plyo Box,Functional,Power,Conditioning,Compound,Other,Advanced,false,false,3,6-15,reps,Functional Training,functional conditioning strongman,
ex-0465-farmer-walk,Farmer Walk,,Full Body,Core|Legs|Shoulders,Full Body,Dumbbells,Functional,Locomotion,Conditioning,Compound,Other,Intermediate,false,false,3,20-60 sec,time,Functional Training,functional conditioning strongman,
ex-0466-hang-clean,Hang Clean,,Full Body,Quadriceps|Glutes|Hamstrings|Traps|Shoulders,Full Body,Barbell,Olympic Weightlifting,Olympic Lift,Power,Compound,Push,Advanced,false,false,4,1-5,reps,Clean,olympic weightlifting explosive,
ex-0467-hang-snatch,Hang Snatch,,Full Body,Quadriceps|Glutes|Hamstrings|Traps|Shoulders,Full Body,Barbell,Olympic Weightlifting,Olympic Lift,Power,Compound,Push,Advanced,false,false,4,1-5,reps,Snatch,olympic weightlifting explosive,
ex-0468-kettlebell-clean,Kettlebell Clean,,Full Body,Glutes|Hamstrings|Core|Shoulders,Full Body,Kettlebell,Kettlebell,Functional,Resistance,Compound,Other,Intermediate,false,false,3,6-15,reps,Kettlebell Exercise,kettlebell kb functional,
ex-0469-kettlebell-clean-and-press,Kettlebell Clean and Press,,Full Body,Glutes|Hamstrings|Core|Shoulders,Full Body,Kettlebell,Kettlebell,Functional,Resistance,Compound,Other,Intermediate,false,false,3,6-15,reps,Kettlebell Exercise,kettlebell kb functional,
ex-0470-kettlebell-farmer-carry,Kettlebell Farmer Carry,,Full Body,Glutes|Hamstrings|Core|Shoulders,Full Body,Kettlebell,Kettlebell,Functional,Resistance,Compound,Other,Intermediate,false,false,3,30-60 sec,time,Kettlebell Exercise,kettlebell kb functional,
ex-0471-kettlebell-figure-eight,Kettlebell Figure Eight,,Full Body,Glutes|Hamstrings|Core|Shoulders,Full Body,Kettlebell,Kettlebell,Functional,Resistance,Compound,Other,Intermediate,false,false,3,6-15,reps,Kettlebell Exercise,kettlebell kb functional,
ex-0472-kettlebell-front-rack-carry,Kettlebell Front Rack Carry,,Full Body,Glutes|Hamstrings|Core|Shoulders,Full Body,Kettlebell,Kettlebell,Functional,Resistance,Compound,Other,Intermediate,false,false,3,30-60 sec,time,Kettlebell Exercise,kettlebell kb functional,
ex-0473-kettlebell-front-squat,Kettlebell Front Squat,,Full Body,Glutes|Hamstrings|Core|Shoulders,Full Body,Kettlebell,Kettlebell,Functional,Resistance,Compound,Other,Intermediate,false,false,3,6-15,reps,Kettlebell Exercise,kettlebell kb functional,
ex-0474-kettlebell-halo,Kettlebell Halo,,Full Body,Glutes|Hamstrings|Core|Shoulders,Full Body,Kettlebell,Kettlebell,Functional,Resistance,Compound,Other,Intermediate,false,false,3,6-15,reps,Kettlebell Exercise,kettlebell kb functional,
ex-0475-kettlebell-high-pull,Kettlebell High Pull,,Full Body,Glutes|Hamstrings|Core|Shoulders,Full Body,Kettlebell,Kettlebell,Functional,Resistance,Compound,Other,Intermediate,false,false,3,6-15,reps,Kettlebell Exercise,kettlebell kb functional,
ex-0476-kettlebell-overhead-carry,Kettlebell Overhead Carry,,Full Body,Glutes|Hamstrings|Core|Shoulders,Full Body,Kettlebell,Kettlebell,Functional,Resistance,Compound,Other,Intermediate,false,false,3,30-60 sec,time,Kettlebell Exercise,kettlebell kb functional,
ex-0477-kettlebell-snatch,Kettlebell Snatch,,Full Body,Glutes|Hamstrings|Core|Shoulders,Full Body,Kettlebell,Kettlebell,Functional,Resistance,Compound,Other,Advanced,false,false,3,6-15,reps,Kettlebell Exercise,kettlebell kb functional,
ex-0478-kettlebell-turkish-get-up,Kettlebell Turkish Get-Up,,Full Body,Glutes|Hamstrings|Core|Shoulders,Full Body,Kettlebell,Kettlebell,Functional,Resistance,Compound,Other,Advanced,false,false,3,6-15,reps,Kettlebell Exercise,kettlebell kb functional,
ex-0479-kettlebell-windmill,Kettlebell Windmill,,Full Body,Glutes|Hamstrings|Core|Shoulders,Full Body,Kettlebell,Kettlebell,Functional,Resistance,Compound,Other,Advanced,false,false,3,6-15,reps,Kettlebell Exercise,kettlebell kb functional,
ex-0480-lateral-sled-drag,Lateral Sled Drag,,Full Body,Core|Legs|Shoulders,Full Body,Sled,Functional,Locomotion,Conditioning,Compound,Other,Intermediate,true,false,3,20-60 sec,time,Functional Training,functional conditioning strongman,
ex-0481-medicine-ball-slam,Medicine Ball Slam,,Full Body,Core|Legs|Shoulders,Full Body,Medicine Ball,Functional,Power,Conditioning,Compound,Other,Intermediate,false,false,3,6-15,reps,Functional Training,functional conditioning strongman,
ex-0482-muscle-snatch,Muscle Snatch,,Full Body,Quadriceps|Glutes|Hamstrings|Traps|Shoulders,Full Body,Barbell,Olympic Weightlifting,Olympic Lift,Power,Compound,Push,Advanced,false,false,4,1-5,reps,Snatch,olympic weightlifting explosive,
ex-0483-power-clean,Power Clean,,Full Body,Quadriceps|Glutes|Hamstrings|Traps|Shoulders,Full Body,Barbell,Olympic Weightlifting,Olympic Lift,Power,Compound,Push,Advanced,false,false,4,1-5,reps,Clean,olympic weightlifting explosive,
ex-0484-power-jerk,Power Jerk,,Full Body,Quadriceps|Glutes|Hamstrings|Traps|Shoulders,Full Body,Barbell,Olympic Weightlifting,Olympic Lift,Power,Compound,Push,Advanced,false,false,4,1-5,reps,Jerk,olympic weightlifting explosive,
ex-0485-power-snatch,Power Snatch,,Full Body,Quadriceps|Glutes|Hamstrings|Traps|Shoulders,Full Body,Barbell,Olympic Weightlifting,Olympic Lift,Power,Compound,Push,Advanced,false,false,4,1-5,reps,Snatch,olympic weightlifting explosive,
ex-0486-prowler-sprint,Prowler Sprint,,Full Body,Core|Legs|Shoulders,Full Body,Sled,Functional,Locomotion,Conditioning,Compound,Other,Intermediate,false,false,3,6-15,reps,Functional Training,functional conditioning strongman,
ex-0487-push-jerk,Push Jerk,,Full Body,Quadriceps|Glutes|Hamstrings|Traps|Shoulders,Full Body,Barbell,Olympic Weightlifting,Olympic Lift,Power,Compound,Push,Advanced,false,false,4,1-5,reps,Jerk,olympic weightlifting explosive,
ex-0488-rotational-medicine-ball-throw,Rotational Medicine Ball Throw,,Full Body,Core|Legs|Shoulders,Full Body,Medicine Ball,Functional,Power,Conditioning,Compound,Other,Intermediate,false,false,3,6-15,reps,Functional Training,functional conditioning strongman,
ex-0489-sandbag-carry,Sandbag Carry,,Full Body,Core|Legs|Shoulders,Full Body,Sandbag,Functional,Locomotion,Conditioning,Compound,Other,Intermediate,false,false,3,20-60 sec,time,Functional Training,functional conditioning strongman,
ex-0490-sandbag-clean,Sandbag Clean,,Full Body,Core|Legs|Shoulders,Full Body,Sandbag,Functional,Power,Conditioning,Compound,Other,Intermediate,false,false,3,6-15,reps,Functional Training,functional conditioning strongman,
ex-0491-sandbag-squat,Sandbag Squat,,Full Body,Core|Legs|Shoulders,Full Body,Sandbag,Functional,Locomotion,Conditioning,Compound,Other,Intermediate,false,false,3,6-15,reps,Functional Training,functional conditioning strongman,
ex-0492-sandbag-to-shoulder,Sandbag to Shoulder,,Full Body,Core|Legs|Shoulders,Full Body,Sandbag,Functional,Locomotion,Conditioning,Compound,Other,Intermediate,false,false,3,6-15,reps,Functional Training,functional conditioning strongman,
ex-0493-single-arm-kettlebell-swing,Single-Arm Kettlebell Swing,,Full Body,Glutes|Hamstrings|Core|Shoulders,Full Body,Kettlebell,Kettlebell,Functional,Resistance,Compound,Other,Intermediate,true,false,3,6-15,reps,Kettlebell Exercise,kettlebell kb functional,
ex-0494-sled-pull,Sled Pull,,Full Body,Core|Legs|Shoulders,Full Body,Sled,Functional,Locomotion,Conditioning,Compound,Other,Intermediate,false,false,3,20-60 sec,time,Functional Training,functional conditioning strongman,
ex-0495-sled-push,Sled Push,,Full Body,Core|Legs|Shoulders,Full Body,Sled,Functional,Locomotion,Conditioning,Compound,Other,Intermediate,false,false,3,20-60 sec,time,Functional Training,functional conditioning strongman,
ex-0496-snatch,Snatch,,Full Body,Quadriceps|Glutes|Hamstrings|Traps|Shoulders,Full Body,Barbell,Olympic Weightlifting,Olympic Lift,Power,Compound,Pull,Advanced,false,false,4,1-5,reps,Snatch,olympic weightlifting explosive,
ex-0497-snatch-high-pull,Snatch High Pull,,Full Body,Quadriceps|Glutes|Hamstrings|Traps|Shoulders,Full Body,Barbell,Olympic Weightlifting,Olympic Lift,Power,Compound,Pull,Advanced,false,false,4,1-5,reps,Pull,olympic weightlifting explosive,
ex-0498-snatch-pull,Snatch Pull,,Full Body,Quadriceps|Glutes|Hamstrings|Traps|Shoulders,Full Body,Barbell,Olympic Weightlifting,Olympic Lift,Power,Compound,Pull,Advanced,false,false,4,1-5,reps,Pull,olympic weightlifting explosive,
ex-0499-split-jerk,Split Jerk,,Full Body,Quadriceps|Glutes|Hamstrings|Traps|Shoulders,Full Body,Barbell,Olympic Weightlifting,Olympic Lift,Power,Compound,Push,Advanced,false,false,4,1-5,reps,Jerk,olympic weightlifting explosive,
ex-0500-tire-flip,Tire Flip,,Full Body,Core|Legs|Shoulders,Full Body,Tire,Functional,Power,Conditioning,Compound,Other,Intermediate,false,false,3,6-15,reps,Functional Training,functional conditioning strongman,
ex-0501-wall-ball,Wall Ball,,Full Body,Core|Legs|Shoulders,Full Body,Medicine Ball,Functional,Locomotion,Conditioning,Compound,Other,Intermediate,false,false,3,6-15,reps,Functional Training,functional conditioning strongman,
ex-0502-yoke-carry,Yoke Carry,,Full Body,Core|Legs|Shoulders,Full Body,Yoke,Functional,Locomotion,Conditioning,Compound,Other,Advanced,false,false,3,20-60 sec,time,Functional Training,functional conditioning strongman,
ex-0503-1-5-rep-hip-thrust,1.5-Rep Hip Thrust,,Glutes,Hamstrings|Core,Glutes,Bodyweight,Bodyweight,Hip Extension,Calisthenics,Compound,Push,Advanced,false,true,3,5-10,reps,Hip Thrust,glute bridge hip thrust advanced variation,
ex-0504-barbell-glute-bridge,Barbell Glute Bridge,,Glutes,Hamstrings|Core,Glutes,Barbell,Strength,Hip Extension,Resistance,Compound,Push,Intermediate,false,false,3,8-15,reps,Glute Bridge,glute bridge hip thrust,
ex-0505-barbell-hip-thrust,Barbell Hip Thrust,,Glutes,Hamstrings|Core,Glutes,Barbell,Strength,Hip Extension,Resistance,Compound,Push,Intermediate,false,false,3,8-15,reps,Hip Thrust,glute bridge hip thrust,
ex-0506-dumbbell-glute-bridge,Dumbbell Glute Bridge,,Glutes,Hamstrings|Core,Glutes,Dumbbell,Strength,Hip Extension,Resistance,Compound,Push,Intermediate,false,false,3,8-15,reps,Glute Bridge,glute bridge hip thrust,
ex-0507-dumbbell-hip-thrust,Dumbbell Hip Thrust,,Glutes,Hamstrings|Core,Glutes,Dumbbell,Strength,Hip Extension,Resistance,Compound,Push,Intermediate,false,false,3,8-15,reps,Hip Thrust,glute bridge hip thrust,
ex-0508-eccentric-hip-thrust,Eccentric Hip Thrust,,Glutes,Hamstrings|Core,Glutes,Bodyweight,Bodyweight,Hip Extension,Calisthenics,Compound,Push,Advanced,false,true,3,5-10,reps,Hip Thrust,glute bridge hip thrust advanced variation,
ex-0509-glute-bridge,Glute Bridge,,Glutes,Hamstrings|Core,Glutes,Bodyweight,Bodyweight,Hip Extension,Calisthenics,Compound,Push,Beginner,false,true,3,8-15,reps,Glute Bridge,glute bridge hip thrust,
ex-0510-hip-thrust,Hip Thrust,,Glutes,Hamstrings|Core,Glutes,Bodyweight,Bodyweight,Hip Extension,Calisthenics,Compound,Push,Beginner,false,true,3,8-15,reps,Hip Thrust,glute bridge hip thrust,
ex-0511-machine-glute-bridge,Machine Glute Bridge,,Glutes,Hamstrings|Core,Glutes,Machine,Strength,Hip Extension,Resistance,Compound,Push,Intermediate,false,false,3,8-15,reps,Glute Bridge,glute bridge hip thrust,
ex-0512-machine-hip-thrust,Machine Hip Thrust,,Glutes,Hamstrings|Core,Glutes,Machine,Strength,Hip Extension,Resistance,Compound,Push,Intermediate,false,false,3,8-15,reps,Hip Thrust,glute bridge hip thrust,
ex-0513-paused-hip-thrust,Paused Hip Thrust,,Glutes,Hamstrings|Core,Glutes,Bodyweight,Bodyweight,Hip Extension,Calisthenics,Compound,Push,Advanced,false,true,3,5-10,reps,Hip Thrust,glute bridge hip thrust advanced variation,
ex-0514-single-leg-barbell-glute-bridge,Single-Leg Barbell Glute Bridge,,Glutes,Hamstrings|Core,Glutes,Barbell,Strength,Hip Extension,Resistance,Compound,Push,Intermediate,true,false,3,8-15 each side,reps,Glute Bridge,unilateral glute,
ex-0515-single-leg-barbell-hip-thrust,Single-Leg Barbell Hip Thrust,,Glutes,Hamstrings|Core,Glutes,Barbell,Strength,Hip Extension,Resistance,Compound,Push,Intermediate,true,false,3,8-15 each side,reps,Hip Thrust,unilateral glute,
ex-0516-single-leg-dumbbell-glute-bridge,Single-Leg Dumbbell Glute Bridge,,Glutes,Hamstrings|Core,Glutes,Dumbbell,Strength,Hip Extension,Resistance,Compound,Push,Intermediate,true,false,3,8-15 each side,reps,Glute Bridge,unilateral glute,
ex-0517-single-leg-dumbbell-hip-thrust,Single-Leg Dumbbell Hip Thrust,,Glutes,Hamstrings|Core,Glutes,Dumbbell,Strength,Hip Extension,Resistance,Compound,Push,Intermediate,true,false,3,8-15 each side,reps,Hip Thrust,unilateral glute,
ex-0518-single-leg-glute-bridge,Single-Leg Glute Bridge,,Glutes,Hamstrings|Core,Glutes,Bodyweight,Bodyweight,Hip Extension,Calisthenics,Compound,Push,Intermediate,true,true,3,8-15 each side,reps,Glute Bridge,unilateral glute,
ex-0519-single-leg-hip-thrust,Single-Leg Hip Thrust,,Glutes,Hamstrings|Core,Glutes,Bodyweight,Bodyweight,Hip Extension,Calisthenics,Compound,Push,Intermediate,true,true,3,8-15 each side,reps,Hip Thrust,unilateral glute,
ex-0520-single-leg-machine-glute-bridge,Single-Leg Machine Glute Bridge,,Glutes,Hamstrings|Core,Glutes,Machine,Strength,Hip Extension,Resistance,Compound,Push,Intermediate,true,false,3,8-15 each side,reps,Glute Bridge,unilateral glute,
ex-0521-single-leg-machine-hip-thrust,Single-Leg Machine Hip Thrust,,Glutes,Hamstrings|Core,Glutes,Machine,Strength,Hip Extension,Resistance,Compound,Push,Intermediate,true,false,3,8-15 each side,reps,Hip Thrust,unilateral glute,
ex-0522-single-leg-smith-machine-glute-bridge,Single-Leg Smith Machine Glute Bridge,,Glutes,Hamstrings|Core,Glutes,Smith Machine,Strength,Hip Extension,Resistance,Compound,Push,Intermediate,true,false,3,8-15 each side,reps,Glute Bridge,unilateral glute,
ex-0523-single-leg-smith-machine-hip-thrust,Single-Leg Smith Machine Hip Thrust,,Glutes,Hamstrings|Core,Glutes,Smith Machine,Strength,Hip Extension,Resistance,Compound,Push,Intermediate,true,false,3,8-15 each side,reps,Hip Thrust,unilateral glute,
ex-0524-smith-machine-glute-bridge,Smith Machine Glute Bridge,,Glutes,Hamstrings|Core,Glutes,Smith Machine,Strength,Hip Extension,Resistance,Compound,Push,Intermediate,false,false,3,8-15,reps,Glute Bridge,glute bridge hip thrust,
ex-0525-smith-machine-hip-thrust,Smith Machine Hip Thrust,,Glutes,Hamstrings|Core,Glutes,Smith Machine,Strength,Hip Extension,Resistance,Compound,Push,Intermediate,false,false,3,8-15,reps,Hip Thrust,glute bridge hip thrust,
ex-0526-tempo-hip-thrust,Tempo Hip Thrust,,Glutes,Hamstrings|Core,Glutes,Bodyweight,Bodyweight,Hip Extension,Calisthenics,Compound,Push,Advanced,false,true,3,5-10,reps,Hip Thrust,glute bridge hip thrust advanced variation,
ex-0527-1-5-rep-back-squat,1.5-Rep Back Squat,,Quadriceps,Glutes|Hamstrings|Core,Legs,Barbell,Strength,Squat,Resistance,Compound,Push,Advanced,false,false,3,5-10,reps,Back Squat,squat legs quads advanced variation,
ex-0528-1-5-rep-bulgarian-split-squat,1.5-Rep Bulgarian Split Squat,,Quadriceps,Glutes|Hamstrings|Core,Legs,Bodyweight,Bodyweight,Lunge,Calisthenics,Compound,Push,Advanced,true,true,3,5-10,reps,Bulgarian Split Squat,single leg unilateral lunge advanced variation,
ex-0529-1-5-rep-front-squat,1.5-Rep Front Squat,,Quadriceps,Glutes|Hamstrings|Core,Legs,Barbell,Strength,Squat,Resistance,Compound,Push,Advanced,false,false,3,5-10,reps,Front Squat,squat legs quads advanced variation,
ex-0530-1-5-rep-leg-press,1.5-Rep Leg Press,,Quadriceps,Glutes|Hamstrings|Core,Legs,Machine,Strength,Squat,Resistance,Compound,Push,Advanced,false,false,3,5-10,reps,Leg Press,squat legs quads advanced variation,
ex-0531-anderson-squat,Anderson Squat,,Quadriceps,Glutes|Hamstrings|Core,Legs,Barbell,Strength,Squat,Resistance,Compound,Push,Advanced,false,false,3,5-12,reps,Squat,squat legs quads,
ex-0532-back-squat,Back Squat,,Quadriceps,Glutes|Hamstrings|Core,Legs,Barbell,Strength,Squat,Resistance,Compound,Push,Intermediate,false,false,3,5-12,reps,Squat,squat legs quads,
ex-0533-barbell-bulgarian-split-squat,Barbell Bulgarian Split Squat,,Quadriceps,Glutes|Hamstrings|Core,Legs,Barbell,Strength,Lunge,Resistance,Compound,Push,Intermediate,true,false,3,8-12 each side,reps,Bulgarian Split Squat,single leg unilateral lunge,
ex-0534-barbell-curtsy-lunge,Barbell Curtsy Lunge,,Quadriceps,Glutes|Hamstrings|Core,Legs,Barbell,Strength,Lunge,Resistance,Compound,Push,Intermediate,true,false,3,8-12 each side,reps,Curtsy Lunge,single leg unilateral lunge,
ex-0535-barbell-forward-lunge,Barbell Forward Lunge,,Quadriceps,Glutes|Hamstrings|Core,Legs,Barbell,Strength,Lunge,Resistance,Compound,Push,Intermediate,true,false,3,8-12 each side,reps,Forward Lunge,single leg unilateral lunge,
ex-0536-barbell-lateral-lunge,Barbell Lateral Lunge,,Quadriceps,Glutes|Hamstrings|Core,Legs,Barbell,Strength,Lunge,Resistance,Compound,Push,Intermediate,true,false,3,8-12 each side,reps,Lateral Lunge,single leg unilateral lunge,
ex-0537-barbell-lateral-step-up,Barbell Lateral Step-Up,,Quadriceps,Glutes|Hamstrings|Core,Legs,Barbell,Strength,Lunge,Resistance,Compound,Push,Intermediate,true,false,3,8-12 each side,reps,Lateral Step-Up,single leg unilateral lunge,
ex-0538-barbell-reverse-lunge,Barbell Reverse Lunge,,Quadriceps,Glutes|Hamstrings|Core,Legs,Barbell,Strength,Lunge,Resistance,Compound,Push,Intermediate,true,false,3,8-12 each side,reps,Reverse Lunge,single leg unilateral lunge,
ex-0539-barbell-split-squat,Barbell Split Squat,,Quadriceps,Glutes|Hamstrings|Core,Legs,Barbell,Strength,Lunge,Resistance,Compound,Push,Intermediate,true,false,3,8-12 each side,reps,Split Squat,single leg unilateral lunge,
ex-0540-barbell-step-up,Barbell Step-Up,,Quadriceps,Glutes|Hamstrings|Core,Legs,Barbell,Strength,Lunge,Resistance,Compound,Push,Intermediate,true,false,3,8-12 each side,reps,Step-Up,single leg unilateral lunge,
ex-0541-barbell-walking-lunge,Barbell Walking Lunge,,Quadriceps,Glutes|Hamstrings|Core,Legs,Barbell,Strength,Lunge,Resistance,Compound,Push,Intermediate,true,false,3,8-12 each side,reps,Walking Lunge,single leg unilateral lunge,
ex-0542-belt-squat,Belt Squat,,Quadriceps,Glutes|Hamstrings|Core,Legs,Belt Squat Machine,Strength,Squat,Resistance,Compound,Push,Intermediate,false,false,3,5-12,reps,Squat,squat legs quads,
ex-0543-box-squat,Box Squat,,Quadriceps,Glutes|Hamstrings|Core,Legs,Barbell,Strength,Squat,Resistance,Compound,Push,Intermediate,false,false,3,5-12,reps,Squat,squat legs quads,
ex-0544-bulgarian-split-squat,Bulgarian Split Squat,,Quadriceps,Glutes|Hamstrings|Core,Legs,Bodyweight,Bodyweight,Lunge,Calisthenics,Compound,Push,Intermediate,true,true,3,8-12 each side,reps,Bulgarian Split Squat,single leg unilateral lunge,
ex-0545-cable-glute-kickback,Cable Glute Kickback,,Glutes,Hamstrings,Legs,Cable,Strength,Hip Extension,Resistance,Isolation,Push,Beginner,false,false,3,10-15,reps,Glute Kickback,glute kickback,
ex-0546-cable-hip-abduction,Cable Hip Abduction,,Gluteus Medius,Glutes,Legs,Cable,Strength,Hip Abduction,Resistance,Isolation,Pull,Beginner,false,false,3,10-15,reps,Hip Abduction,hip abduction,
ex-0547-cable-hip-adduction,Cable Hip Adduction,,Adductors,Quadriceps,Legs,Cable,Strength,Hip Adduction,Resistance,Isolation,Pull,Beginner,false,false,3,10-15,reps,Hip Adduction,hip adduction,
ex-0548-cable-leg-extension,Cable Leg Extension,,Quadriceps,,Legs,Cable,Strength,Knee Extension,Resistance,Isolation,Push,Beginner,false,false,3,10-15,reps,Leg Extension,leg extension,
ex-0549-cable-lying-leg-curl,Cable Lying Leg Curl,,Hamstrings,Gastrocnemius,Legs,Cable,Strength,Knee Flexion,Resistance,Isolation,Pull,Beginner,false,false,3,10-15,reps,Lying Leg Curl,lying leg curl,
ex-0550-cable-seated-leg-curl,Cable Seated Leg Curl,,Hamstrings,Gastrocnemius,Legs,Cable,Strength,Knee Flexion,Resistance,Isolation,Pull,Beginner,false,false,3,10-15,reps,Seated Leg Curl,seated leg curl,
ex-0551-cable-standing-leg-curl,Cable Standing Leg Curl,,Hamstrings,Gastrocnemius,Legs,Cable,Strength,Knee Flexion,Resistance,Isolation,Pull,Beginner,false,false,3,10-15,reps,Standing Leg Curl,standing leg curl,
ex-0552-curtsy-lunge,Curtsy Lunge,,Quadriceps,Glutes|Hamstrings|Core,Legs,Bodyweight,Bodyweight,Lunge,Calisthenics,Compound,Push,Intermediate,true,true,3,8-12 each side,reps,Curtsy Lunge,single leg unilateral lunge,
ex-0553-cyclist-squat,Cyclist Squat,,Quadriceps,Glutes|Hamstrings|Core,Legs,Bodyweight,Strength,Squat,Calisthenics,Compound,Push,Intermediate,false,true,3,5-12,reps,Squat,squat legs quads,
ex-0554-dumbbell-bulgarian-split-squat,Dumbbell Bulgarian Split Squat,,Quadriceps,Glutes|Hamstrings|Core,Legs,Dumbbells,Strength,Lunge,Resistance,Compound,Push,Intermediate,true,false,3,8-12 each side,reps,Bulgarian Split Squat,single leg unilateral lunge,
ex-0555-dumbbell-curtsy-lunge,Dumbbell Curtsy Lunge,,Quadriceps,Glutes|Hamstrings|Core,Legs,Dumbbells,Strength,Lunge,Resistance,Compound,Push,Intermediate,true,false,3,8-12 each side,reps,Curtsy Lunge,single leg unilateral lunge,
ex-0556-dumbbell-forward-lunge,Dumbbell Forward Lunge,,Quadriceps,Glutes|Hamstrings|Core,Legs,Dumbbells,Strength,Lunge,Resistance,Compound,Push,Intermediate,true,false,3,8-12 each side,reps,Forward Lunge,single leg unilateral lunge,
ex-0557-dumbbell-lateral-lunge,Dumbbell Lateral Lunge,,Quadriceps,Glutes|Hamstrings|Core,Legs,Dumbbells,Strength,Lunge,Resistance,Compound,Push,Intermediate,true,false,3,8-12 each side,reps,Lateral Lunge,single leg unilateral lunge,
ex-0558-dumbbell-lateral-step-up,Dumbbell Lateral Step-Up,,Quadriceps,Glutes|Hamstrings|Core,Legs,Dumbbells,Strength,Lunge,Resistance,Compound,Push,Intermediate,true,false,3,8-12 each side,reps,Lateral Step-Up,single leg unilateral lunge,
ex-0559-dumbbell-pistol-squat,Dumbbell Pistol Squat,,Quadriceps,Glutes|Hamstrings|Core,Legs,Dumbbells,Strength,Lunge,Resistance,Compound,Push,Advanced,true,false,3,8-12 each side,reps,Pistol Squat,single leg unilateral lunge,
ex-0560-dumbbell-reverse-lunge,Dumbbell Reverse Lunge,,Quadriceps,Glutes|Hamstrings|Core,Legs,Dumbbells,Strength,Lunge,Resistance,Compound,Push,Intermediate,true,false,3,8-12 each side,reps,Reverse Lunge,single leg unilateral lunge,
ex-0561-dumbbell-skater-squat,Dumbbell Skater Squat,,Quadriceps,Glutes|Hamstrings|Core,Legs,Dumbbells,Strength,Lunge,Resistance,Compound,Push,Advanced,true,false,3,8-12 each side,reps,Skater Squat,single leg unilateral lunge,
ex-0562-dumbbell-split-squat,Dumbbell Split Squat,,Quadriceps,Glutes|Hamstrings|Core,Legs,Dumbbells,Strength,Lunge,Resistance,Compound,Push,Intermediate,true,false,3,8-12 each side,reps,Split Squat,single leg unilateral lunge,
ex-0563-dumbbell-step-up,Dumbbell Step-Up,,Quadriceps,Glutes|Hamstrings|Core,Legs,Dumbbells,Strength,Lunge,Resistance,Compound,Push,Intermediate,true,false,3,8-12 each side,reps,Step-Up,single leg unilateral lunge,
ex-0564-dumbbell-walking-lunge,Dumbbell Walking Lunge,,Quadriceps,Glutes|Hamstrings|Core,Legs,Dumbbells,Strength,Lunge,Resistance,Compound,Push,Intermediate,true,false,3,8-12 each side,reps,Walking Lunge,single leg unilateral lunge,
ex-0565-eccentric-back-squat,Eccentric Back Squat,,Quadriceps,Glutes|Hamstrings|Core,Legs,Barbell,Strength,Squat,Resistance,Compound,Push,Advanced,false,false,3,5-10,reps,Back Squat,squat legs quads advanced variation,
ex-0566-eccentric-bulgarian-split-squat,Eccentric Bulgarian Split Squat,,Quadriceps,Glutes|Hamstrings|Core,Legs,Bodyweight,Bodyweight,Lunge,Calisthenics,Compound,Push,Advanced,true,true,3,5-10,reps,Bulgarian Split Squat,single leg unilateral lunge advanced variation,
ex-0567-eccentric-front-squat,Eccentric Front Squat,,Quadriceps,Glutes|Hamstrings|Core,Legs,Barbell,Strength,Squat,Resistance,Compound,Push,Advanced,false,false,3,5-10,reps,Front Squat,squat legs quads advanced variation,
ex-0568-eccentric-leg-press,Eccentric Leg Press,,Quadriceps,Glutes|Hamstrings|Core,Legs,Machine,Strength,Squat,Resistance,Compound,Push,Advanced,false,false,3,5-10,reps,Leg Press,squat legs quads advanced variation,
ex-0569-forward-lunge,Forward Lunge,,Quadriceps,Glutes|Hamstrings|Core,Legs,Bodyweight,Bodyweight,Lunge,Calisthenics,Compound,Push,Intermediate,true,true,3,8-12 each side,reps,Forward Lunge,single leg unilateral lunge,
ex-0570-front-squat,Front Squat,,Quadriceps,Glutes|Hamstrings|Core,Legs,Barbell,Strength,Squat,Resistance,Compound,Push,Intermediate,false,false,3,5-12,reps,Squat,squat legs quads,
ex-0571-goblet-squat,Goblet Squat,,Quadriceps,Glutes|Hamstrings|Core,Legs,Dumbbell,Strength,Squat,Resistance,Compound,Push,Intermediate,false,false,3,5-12,reps,Squat,squat legs quads,
ex-0572-hack-squat,Hack Squat,,Quadriceps,Glutes|Hamstrings|Core,Legs,Machine,Strength,Squat,Resistance,Compound,Push,Intermediate,false,false,3,5-12,reps,Squat,squat legs quads,
ex-0573-heels-elevated-anderson-squat,Heels-Elevated Anderson Squat,,Quadriceps,Glutes|Hamstrings|Core,Legs,Barbell,Strength,Squat,Resistance,Compound,Push,Intermediate,false,false,3,5-10,reps,Anderson Squat,squat variation,
ex-0574-heels-elevated-back-squat,Heels-Elevated Back Squat,,Quadriceps,Glutes|Hamstrings|Core,Legs,Barbell,Strength,Squat,Resistance,Compound,Push,Intermediate,false,false,3,5-10,reps,Back Squat,squat variation,
ex-0575-heels-elevated-box-squat,Heels-Elevated Box Squat,,Quadriceps,Glutes|Hamstrings|Core,Legs,Barbell,Strength,Squat,Resistance,Compound,Push,Intermediate,false,false,3,5-10,reps,Box Squat,squat variation,
ex-0576-heels-elevated-front-squat,Heels-Elevated Front Squat,,Quadriceps,Glutes|Hamstrings|Core,Legs,Barbell,Strength,Squat,Resistance,Compound,Push,Intermediate,false,false,3,5-10,reps,Front Squat,squat variation,
ex-0577-heels-elevated-goblet-squat,Heels-Elevated Goblet Squat,,Quadriceps,Glutes|Hamstrings|Core,Legs,Dumbbell,Strength,Squat,Resistance,Compound,Push,Intermediate,false,false,3,5-10,reps,Goblet Squat,squat variation,
ex-0578-heels-elevated-high-bar-back-squat,Heels-Elevated High-Bar Back Squat,,Quadriceps,Glutes|Hamstrings|Core,Legs,Barbell,Strength,Squat,Resistance,Compound,Push,Intermediate,false,false,3,5-10,reps,High-Bar Back Squat,squat variation,
ex-0579-heels-elevated-kettlebell-goblet-squat,Heels-Elevated Kettlebell Goblet Squat,,Quadriceps,Glutes|Hamstrings|Core,Legs,Kettlebell,Strength,Squat,Resistance,Compound,Push,Intermediate,false,false,3,5-10,reps,Kettlebell Goblet Squat,squat variation,
ex-0580-heels-elevated-low-bar-back-squat,Heels-Elevated Low-Bar Back Squat,,Quadriceps,Glutes|Hamstrings|Core,Legs,Barbell,Strength,Squat,Resistance,Compound,Push,Intermediate,false,false,3,5-10,reps,Low-Bar Back Squat,squat variation,
ex-0581-heels-elevated-overhead-squat,Heels-Elevated Overhead Squat,,Quadriceps,Glutes|Hamstrings|Core,Legs,Barbell,Strength,Squat,Resistance,Compound,Push,Intermediate,false,false,3,5-10,reps,Overhead Squat,squat variation,
ex-0582-heels-elevated-safety-bar-squat,Heels-Elevated Safety Bar Squat,,Quadriceps,Glutes|Hamstrings|Core,Legs,Safety Squat Bar,Strength,Squat,Resistance,Compound,Push,Intermediate,false,false,3,5-10,reps,Safety Bar Squat,squat variation,
ex-0583-heels-elevated-smith-machine-squat,Heels-Elevated Smith Machine Squat,,Quadriceps,Glutes|Hamstrings|Core,Legs,Smith Machine,Strength,Squat,Resistance,Compound,Push,Intermediate,false,false,3,5-10,reps,Smith Machine Squat,squat variation,
ex-0584-heels-elevated-zercher-squat,Heels-Elevated Zercher Squat,,Quadriceps,Glutes|Hamstrings|Core,Legs,Barbell,Strength,Squat,Resistance,Compound,Push,Intermediate,false,false,3,5-10,reps,Zercher Squat,squat variation,
ex-0585-high-bar-back-squat,High-Bar Back Squat,,Quadriceps,Glutes|Hamstrings|Core,Legs,Barbell,Strength,Squat,Resistance,Compound,Push,Intermediate,false,false,3,5-12,reps,Squat,squat legs quads,
ex-0586-kettlebell-bulgarian-split-squat,Kettlebell Bulgarian Split Squat,,Quadriceps,Glutes|Hamstrings|Core,Legs,Kettlebell,Strength,Lunge,Resistance,Compound,Push,Intermediate,true,false,3,8-12 each side,reps,Bulgarian Split Squat,single leg unilateral lunge,
ex-0587-kettlebell-curtsy-lunge,Kettlebell Curtsy Lunge,,Quadriceps,Glutes|Hamstrings|Core,Legs,Kettlebell,Strength,Lunge,Resistance,Compound,Push,Intermediate,true,false,3,8-12 each side,reps,Curtsy Lunge,single leg unilateral lunge,
ex-0588-kettlebell-forward-lunge,Kettlebell Forward Lunge,,Quadriceps,Glutes|Hamstrings|Core,Legs,Kettlebell,Strength,Lunge,Resistance,Compound,Push,Intermediate,true,false,3,8-12 each side,reps,Forward Lunge,single leg unilateral lunge,
ex-0589-kettlebell-goblet-squat,Kettlebell Goblet Squat,,Quadriceps,Glutes|Hamstrings|Core,Legs,Kettlebell,Strength,Squat,Resistance,Compound,Push,Intermediate,false,false,3,5-12,reps,Squat,squat legs quads,
ex-0590-kettlebell-lateral-lunge,Kettlebell Lateral Lunge,,Quadriceps,Glutes|Hamstrings|Core,Legs,Kettlebell,Strength,Lunge,Resistance,Compound,Push,Intermediate,true,false,3,8-12 each side,reps,Lateral Lunge,single leg unilateral lunge,
ex-0591-kettlebell-lateral-step-up,Kettlebell Lateral Step-Up,,Quadriceps,Glutes|Hamstrings|Core,Legs,Kettlebell,Strength,Lunge,Resistance,Compound,Push,Intermediate,true,false,3,8-12 each side,reps,Lateral Step-Up,single leg unilateral lunge,
ex-0592-kettlebell-reverse-lunge,Kettlebell Reverse Lunge,,Quadriceps,Glutes|Hamstrings|Core,Legs,Kettlebell,Strength,Lunge,Resistance,Compound,Push,Intermediate,true,false,3,8-12 each side,reps,Reverse Lunge,single leg unilateral lunge,
ex-0593-kettlebell-split-squat,Kettlebell Split Squat,,Quadriceps,Glutes|Hamstrings|Core,Legs,Kettlebell,Strength,Lunge,Resistance,Compound,Push,Intermediate,true,false,3,8-12 each side,reps,Split Squat,single leg unilateral lunge,
ex-0594-kettlebell-step-up,Kettlebell Step-Up,,Quadriceps,Glutes|Hamstrings|Core,Legs,Kettlebell,Strength,Lunge,Resistance,Compound,Push,Intermediate,true,false,3,8-12 each side,reps,Step-Up,single leg unilateral lunge,
ex-0595-kettlebell-walking-lunge,Kettlebell Walking Lunge,,Quadriceps,Glutes|Hamstrings|Core,Legs,Kettlebell,Strength,Lunge,Resistance,Compound,Push,Intermediate,true,false,3,8-12 each side,reps,Walking Lunge,single leg unilateral lunge,
ex-0596-lateral-lunge,Lateral Lunge,,Quadriceps,Glutes|Hamstrings|Core,Legs,Bodyweight,Bodyweight,Lunge,Calisthenics,Compound,Push,Intermediate,true,true,3,8-12 each side,reps,Lateral Lunge,single leg unilateral lunge,
ex-0597-lateral-step-up,Lateral Step-Up,,Quadriceps,Glutes|Hamstrings|Core,Legs,Bodyweight,Bodyweight,Lunge,Calisthenics,Compound,Push,Intermediate,true,true,3,8-12 each side,reps,Lateral Step-Up,single leg unilateral lunge,
ex-0598-leg-press,Leg Press,,Quadriceps,Glutes|Hamstrings|Core,Legs,Machine,Strength,Squat,Resistance,Compound,Push,Intermediate,false,false,3,5-12,reps,Squat,squat legs quads,
ex-0599-low-bar-back-squat,Low-Bar Back Squat,,Quadriceps,Glutes|Hamstrings|Core,Legs,Barbell,Strength,Squat,Resistance,Compound,Push,Intermediate,false,false,3,5-12,reps,Squat,squat legs quads,
ex-0600-machine-glute-kickback,Machine Glute Kickback,,Glutes,Hamstrings,Legs,Machine,Strength,Hip Extension,Resistance,Isolation,Push,Beginner,false,false,3,10-15,reps,Glute Kickback,glute kickback,
ex-0601-machine-hip-abduction,Machine Hip Abduction,,Gluteus Medius,Glutes,Legs,Machine,Strength,Hip Abduction,Resistance,Isolation,Pull,Beginner,false,false,3,10-15,reps,Hip Abduction,hip abduction,
ex-0602-machine-hip-adduction,Machine Hip Adduction,,Adductors,Quadriceps,Legs,Machine,Strength,Hip Adduction,Resistance,Isolation,Pull,Beginner,false,false,3,10-15,reps,Hip Adduction,hip adduction,
ex-0603-machine-leg-extension,Machine Leg Extension,,Quadriceps,,Legs,Machine,Strength,Knee Extension,Resistance,Isolation,Push,Beginner,false,false,3,10-15,reps,Leg Extension,leg extension,
ex-0604-machine-lying-leg-curl,Machine Lying Leg Curl,,Hamstrings,Gastrocnemius,Legs,Machine,Strength,Knee Flexion,Resistance,Isolation,Pull,Beginner,false,false,3,10-15,reps,Lying Leg Curl,lying leg curl,
ex-0605-machine-seated-leg-curl,Machine Seated Leg Curl,,Hamstrings,Gastrocnemius,Legs,Machine,Strength,Knee Flexion,Resistance,Isolation,Pull,Beginner,false,false,3,10-15,reps,Seated Leg Curl,seated leg curl,
ex-0606-machine-standing-leg-curl,Machine Standing Leg Curl,,Hamstrings,Gastrocnemius,Legs,Machine,Strength,Knee Flexion,Resistance,Isolation,Pull,Beginner,false,false,3,10-15,reps,Standing Leg Curl,standing leg curl,
ex-0607-overhead-squat,Overhead Squat,,Quadriceps,Glutes|Hamstrings|Core,Legs,Barbell,Strength,Squat,Resistance,Compound,Push,Advanced,false,false,3,5-12,reps,Squat,squat legs quads,
ex-0608-paused-anderson-squat,Paused Anderson Squat,,Quadriceps,Glutes|Hamstrings|Core,Legs,Barbell,Strength,Squat,Resistance,Compound,Push,Intermediate,false,false,3,5-10,reps,Anderson Squat,squat variation,
ex-0609-paused-back-squat,Paused Back Squat,,Quadriceps,Glutes|Hamstrings|Core,Legs,Barbell,Strength,Squat,Resistance,Compound,Push,Intermediate,false,false,3,5-10,reps,Back Squat,squat variation,
ex-0610-paused-box-squat,Paused Box Squat,,Quadriceps,Glutes|Hamstrings|Core,Legs,Barbell,Strength,Squat,Resistance,Compound,Push,Intermediate,false,false,3,5-10,reps,Box Squat,squat variation,
ex-0611-paused-bulgarian-split-squat,Paused Bulgarian Split Squat,,Quadriceps,Glutes|Hamstrings|Core,Legs,Bodyweight,Bodyweight,Lunge,Calisthenics,Compound,Push,Advanced,true,true,3,5-10,reps,Bulgarian Split Squat,single leg unilateral lunge advanced variation,
ex-0612-paused-front-squat,Paused Front Squat,,Quadriceps,Glutes|Hamstrings|Core,Legs,Barbell,Strength,Squat,Resistance,Compound,Push,Intermediate,false,false,3,5-10,reps,Front Squat,squat variation,
ex-0613-paused-goblet-squat,Paused Goblet Squat,,Quadriceps,Glutes|Hamstrings|Core,Legs,Dumbbell,Strength,Squat,Resistance,Compound,Push,Intermediate,false,false,3,5-10,reps,Goblet Squat,squat variation,
ex-0614-paused-high-bar-back-squat,Paused High-Bar Back Squat,,Quadriceps,Glutes|Hamstrings|Core,Legs,Barbell,Strength,Squat,Resistance,Compound,Push,Intermediate,false,false,3,5-10,reps,High-Bar Back Squat,squat variation,
ex-0615-paused-kettlebell-goblet-squat,Paused Kettlebell Goblet Squat,,Quadriceps,Glutes|Hamstrings|Core,Legs,Kettlebell,Strength,Squat,Resistance,Compound,Push,Intermediate,false,false,3,5-10,reps,Kettlebell Goblet Squat,squat variation,
ex-0616-paused-leg-press,Paused Leg Press,,Quadriceps,Glutes|Hamstrings|Core,Legs,Machine,Strength,Squat,Resistance,Compound,Push,Advanced,false,false,3,5-10,reps,Leg Press,squat legs quads advanced variation,
ex-0617-paused-low-bar-back-squat,Paused Low-Bar Back Squat,,Quadriceps,Glutes|Hamstrings|Core,Legs,Barbell,Strength,Squat,Resistance,Compound,Push,Intermediate,false,false,3,5-10,reps,Low-Bar Back Squat,squat variation,
ex-0618-paused-overhead-squat,Paused Overhead Squat,,Quadriceps,Glutes|Hamstrings|Core,Legs,Barbell,Strength,Squat,Resistance,Compound,Push,Intermediate,false,false,3,5-10,reps,Overhead Squat,squat variation,
ex-0619-paused-safety-bar-squat,Paused Safety Bar Squat,,Quadriceps,Glutes|Hamstrings|Core,Legs,Safety Squat Bar,Strength,Squat,Resistance,Compound,Push,Intermediate,false,false,3,5-10,reps,Safety Bar Squat,squat variation,
ex-0620-paused-smith-machine-squat,Paused Smith Machine Squat,,Quadriceps,Glutes|Hamstrings|Core,Legs,Smith Machine,Strength,Squat,Resistance,Compound,Push,Intermediate,false,false,3,5-10,reps,Smith Machine Squat,squat variation,
ex-0621-paused-zercher-squat,Paused Zercher Squat,,Quadriceps,Glutes|Hamstrings|Core,Legs,Barbell,Strength,Squat,Resistance,Compound,Push,Intermediate,false,false,3,5-10,reps,Zercher Squat,squat variation,
ex-0622-pendulum-squat,Pendulum Squat,,Quadriceps,Glutes|Hamstrings|Core,Legs,Machine,Strength,Squat,Resistance,Compound,Push,Intermediate,false,false,3,5-12,reps,Squat,squat legs quads,
ex-0623-pin-anderson-squat,Pin Anderson Squat,,Quadriceps,Glutes|Hamstrings|Core,Legs,Barbell,Strength,Squat,Resistance,Compound,Push,Advanced,false,false,3,5-10,reps,Anderson Squat,squat variation,
ex-0624-pin-back-squat,Pin Back Squat,,Quadriceps,Glutes|Hamstrings|Core,Legs,Barbell,Strength,Squat,Resistance,Compound,Push,Advanced,false,false,3,5-10,reps,Back Squat,squat variation,
ex-0625-pin-box-squat,Pin Box Squat,,Quadriceps,Glutes|Hamstrings|Core,Legs,Barbell,Strength,Squat,Resistance,Compound,Push,Advanced,false,false,3,5-10,reps,Box Squat,squat variation,
ex-0626-pin-front-squat,Pin Front Squat,,Quadriceps,Glutes|Hamstrings|Core,Legs,Barbell,Strength,Squat,Resistance,Compound,Push,Advanced,false,false,3,5-10,reps,Front Squat,squat variation,
ex-0627-pin-goblet-squat,Pin Goblet Squat,,Quadriceps,Glutes|Hamstrings|Core,Legs,Dumbbell,Strength,Squat,Resistance,Compound,Push,Advanced,false,false,3,5-10,reps,Goblet Squat,squat variation,
ex-0628-pin-high-bar-back-squat,Pin High-Bar Back Squat,,Quadriceps,Glutes|Hamstrings|Core,Legs,Barbell,Strength,Squat,Resistance,Compound,Push,Advanced,false,false,3,5-10,reps,High-Bar Back Squat,squat variation,
ex-0629-pin-kettlebell-goblet-squat,Pin Kettlebell Goblet Squat,,Quadriceps,Glutes|Hamstrings|Core,Legs,Kettlebell,Strength,Squat,Resistance,Compound,Push,Advanced,false,false,3,5-10,reps,Kettlebell Goblet Squat,squat variation,
ex-0630-pin-low-bar-back-squat,Pin Low-Bar Back Squat,,Quadriceps,Glutes|Hamstrings|Core,Legs,Barbell,Strength,Squat,Resistance,Compound,Push,Advanced,false,false,3,5-10,reps,Low-Bar Back Squat,squat variation,
ex-0631-pin-overhead-squat,Pin Overhead Squat,,Quadriceps,Glutes|Hamstrings|Core,Legs,Barbell,Strength,Squat,Resistance,Compound,Push,Advanced,false,false,3,5-10,reps,Overhead Squat,squat variation,
ex-0632-pin-safety-bar-squat,Pin Safety Bar Squat,,Quadriceps,Glutes|Hamstrings|Core,Legs,Safety Squat Bar,Strength,Squat,Resistance,Compound,Push,Advanced,false,false,3,5-10,reps,Safety Bar Squat,squat variation,
ex-0633-pin-smith-machine-squat,Pin Smith Machine Squat,,Quadriceps,Glutes|Hamstrings|Core,Legs,Smith Machine,Strength,Squat,Resistance,Compound,Push,Advanced,false,false,3,5-10,reps,Smith Machine Squat,squat variation,
ex-0634-pin-zercher-squat,Pin Zercher Squat,,Quadriceps,Glutes|Hamstrings|Core,Legs,Barbell,Strength,Squat,Resistance,Compound,Push,Advanced,false,false,3,5-10,reps,Zercher Squat,squat variation,
ex-0635-pistol-squat,Pistol Squat,,Quadriceps,Glutes|Hamstrings|Core,Legs,Bodyweight,Bodyweight,Lunge,Calisthenics,Compound,Push,Advanced,true,true,3,8-12 each side,reps,Pistol Squat,single leg unilateral lunge,
ex-0636-resistance-band-glute-kickback,Resistance Band Glute Kickback,,Glutes,Hamstrings,Legs,Resistance Band,Strength,Hip Extension,Resistance,Isolation,Push,Beginner,false,false,3,10-15,reps,Glute Kickback,glute kickback,
ex-0637-resistance-band-hip-abduction,Resistance Band Hip Abduction,,Gluteus Medius,Glutes,Legs,Resistance Band,Strength,Hip Abduction,Resistance,Isolation,Pull,Beginner,false,false,3,10-15,reps,Hip Abduction,hip abduction,
ex-0638-resistance-band-hip-adduction,Resistance Band Hip Adduction,,Adductors,Quadriceps,Legs,Resistance Band,Strength,Hip Adduction,Resistance,Isolation,Pull,Beginner,false,false,3,10-15,reps,Hip Adduction,hip adduction,
ex-0639-resistance-band-leg-extension,Resistance Band Leg Extension,,Quadriceps,,Legs,Resistance Band,Strength,Knee Extension,Resistance,Isolation,Push,Beginner,false,false,3,10-15,reps,Leg Extension,leg extension,
ex-0640-resistance-band-lying-leg-curl,Resistance Band Lying Leg Curl,,Hamstrings,Gastrocnemius,Legs,Resistance Band,Strength,Knee Flexion,Resistance,Isolation,Pull,Beginner,false,false,3,10-15,reps,Lying Leg Curl,lying leg curl,
ex-0641-resistance-band-seated-leg-curl,Resistance Band Seated Leg Curl,,Hamstrings,Gastrocnemius,Legs,Resistance Band,Strength,Knee Flexion,Resistance,Isolation,Pull,Beginner,false,false,3,10-15,reps,Seated Leg Curl,seated leg curl,
ex-0642-resistance-band-standing-leg-curl,Resistance Band Standing Leg Curl,,Hamstrings,Gastrocnemius,Legs,Resistance Band,Strength,Knee Flexion,Resistance,Isolation,Pull,Beginner,false,false,3,10-15,reps,Standing Leg Curl,standing leg curl,
ex-0643-reverse-lunge,Reverse Lunge,,Quadriceps,Glutes|Hamstrings|Core,Legs,Bodyweight,Bodyweight,Lunge,Calisthenics,Compound,Push,Intermediate,true,true,3,8-12 each side,reps,Reverse Lunge,single leg unilateral lunge,
ex-0644-safety-bar-squat,Safety Bar Squat,,Quadriceps,Glutes|Hamstrings|Core,Legs,Safety Squat Bar,Strength,Squat,Resistance,Compound,Push,Intermediate,false,false,3,5-12,reps,Squat,squat legs quads,
ex-0645-single-leg-cable-glute-kickback,Single-Leg Cable Glute Kickback,,Glutes,Hamstrings|Core,Legs,Cable,Strength,Hip Extension,Resistance,Isolation,Push,Intermediate,true,false,3,10-15 each side,reps,Glute Kickback,unilateral single leg,
ex-0646-single-leg-cable-hip-abduction,Single-Leg Cable Hip Abduction,,Gluteus Medius,Glutes|Core,Legs,Cable,Strength,Hip Abduction,Resistance,Isolation,Pull,Intermediate,true,false,3,10-15 each side,reps,Hip Abduction,unilateral single leg,
ex-0647-single-leg-cable-hip-adduction,Single-Leg Cable Hip Adduction,,Adductors,Quadriceps|Core,Legs,Cable,Strength,Hip Adduction,Resistance,Isolation,Pull,Intermediate,true,false,3,10-15 each side,reps,Hip Adduction,unilateral single leg,
ex-0648-single-leg-cable-leg-extension,Single-Leg Cable Leg Extension,,Quadriceps,|Core,Legs,Cable,Strength,Knee Extension,Resistance,Isolation,Push,Intermediate,true,false,3,10-15 each side,reps,Leg Extension,unilateral single leg,
ex-0649-single-leg-cable-lying-leg-curl,Single-Leg Cable Lying Leg Curl,,Hamstrings,Gastrocnemius|Core,Legs,Cable,Strength,Knee Flexion,Resistance,Isolation,Pull,Intermediate,true,false,3,10-15 each side,reps,Lying Leg Curl,unilateral single leg,
ex-0650-single-leg-cable-seated-leg-curl,Single-Leg Cable Seated Leg Curl,,Hamstrings,Gastrocnemius|Core,Legs,Cable,Strength,Knee Flexion,Resistance,Isolation,Pull,Intermediate,true,false,3,10-15 each side,reps,Seated Leg Curl,unilateral single leg,
ex-0651-single-leg-cable-standing-leg-curl,Single-Leg Cable Standing Leg Curl,,Hamstrings,Gastrocnemius|Core,Legs,Cable,Strength,Knee Flexion,Resistance,Isolation,Pull,Intermediate,true,false,3,10-15 each side,reps,Standing Leg Curl,unilateral single leg,
ex-0652-single-leg-machine-glute-kickback,Single-Leg Machine Glute Kickback,,Glutes,Hamstrings|Core,Legs,Machine,Strength,Hip Extension,Resistance,Isolation,Push,Intermediate,true,false,3,10-15 each side,reps,Glute Kickback,unilateral single leg,
ex-0653-single-leg-machine-hip-abduction,Single-Leg Machine Hip Abduction,,Gluteus Medius,Glutes|Core,Legs,Machine,Strength,Hip Abduction,Resistance,Isolation,Pull,Intermediate,true,false,3,10-15 each side,reps,Hip Abduction,unilateral single leg,
ex-0654-single-leg-machine-hip-adduction,Single-Leg Machine Hip Adduction,,Adductors,Quadriceps|Core,Legs,Machine,Strength,Hip Adduction,Resistance,Isolation,Pull,Intermediate,true,false,3,10-15 each side,reps,Hip Adduction,unilateral single leg,
ex-0655-single-leg-machine-leg-extension,Single-Leg Machine Leg Extension,,Quadriceps,|Core,Legs,Machine,Strength,Knee Extension,Resistance,Isolation,Push,Intermediate,true,false,3,10-15 each side,reps,Leg Extension,unilateral single leg,
ex-0656-single-leg-machine-lying-leg-curl,Single-Leg Machine Lying Leg Curl,,Hamstrings,Gastrocnemius|Core,Legs,Machine,Strength,Knee Flexion,Resistance,Isolation,Pull,Intermediate,true,false,3,10-15 each side,reps,Lying Leg Curl,unilateral single leg,
ex-0657-single-leg-machine-seated-leg-curl,Single-Leg Machine Seated Leg Curl,,Hamstrings,Gastrocnemius|Core,Legs,Machine,Strength,Knee Flexion,Resistance,Isolation,Pull,Intermediate,true,false,3,10-15 each side,reps,Seated Leg Curl,unilateral single leg,
ex-0658-single-leg-machine-standing-leg-curl,Single-Leg Machine Standing Leg Curl,,Hamstrings,Gastrocnemius|Core,Legs,Machine,Strength,Knee Flexion,Resistance,Isolation,Pull,Intermediate,true,false,3,10-15 each side,reps,Standing Leg Curl,unilateral single leg,
ex-0659-single-leg-resistance-band-glute-kickback,Single-Leg Resistance Band Glute Kickback,,Glutes,Hamstrings|Core,Legs,Resistance Band,Strength,Hip Extension,Resistance,Isolation,Push,Intermediate,true,false,3,10-15 each side,reps,Glute Kickback,unilateral single leg,
ex-0660-single-leg-resistance-band-hip-abduction,Single-Leg Resistance Band Hip Abduction,,Gluteus Medius,Glutes|Core,Legs,Resistance Band,Strength,Hip Abduction,Resistance,Isolation,Pull,Intermediate,true,false,3,10-15 each side,reps,Hip Abduction,unilateral single leg,
ex-0661-single-leg-resistance-band-hip-adduction,Single-Leg Resistance Band Hip Adduction,,Adductors,Quadriceps|Core,Legs,Resistance Band,Strength,Hip Adduction,Resistance,Isolation,Pull,Intermediate,true,false,3,10-15 each side,reps,Hip Adduction,unilateral single leg,
ex-0662-single-leg-resistance-band-leg-extension,Single-Leg Resistance Band Leg Extension,,Quadriceps,|Core,Legs,Resistance Band,Strength,Knee Extension,Resistance,Isolation,Push,Intermediate,true,false,3,10-15 each side,reps,Leg Extension,unilateral single leg,
ex-0663-single-leg-resistance-band-lying-leg-curl,Single-Leg Resistance Band Lying Leg Curl,,Hamstrings,Gastrocnemius|Core,Legs,Resistance Band,Strength,Knee Flexion,Resistance,Isolation,Pull,Intermediate,true,false,3,10-15 each side,reps,Lying Leg Curl,unilateral single leg,
ex-0664-single-leg-resistance-band-seated-leg-curl,Single-Leg Resistance Band Seated Leg Curl,,Hamstrings,Gastrocnemius|Core,Legs,Resistance Band,Strength,Knee Flexion,Resistance,Isolation,Pull,Intermediate,true,false,3,10-15 each side,reps,Seated Leg Curl,unilateral single leg,
ex-0665-single-leg-resistance-band-standing-leg-curl,Single-Leg Resistance Band Standing Leg Curl,,Hamstrings,Gastrocnemius|Core,Legs,Resistance Band,Strength,Knee Flexion,Resistance,Isolation,Pull,Intermediate,true,false,3,10-15 each side,reps,Standing Leg Curl,unilateral single leg,
ex-0666-sissy-squat,Sissy Squat,,Quadriceps,Glutes|Hamstrings|Core,Legs,Bodyweight,Strength,Squat,Calisthenics,Compound,Push,Intermediate,false,true,3,5-12,reps,Squat,squat legs quads,
ex-0667-skater-squat,Skater Squat,,Quadriceps,Glutes|Hamstrings|Core,Legs,Bodyweight,Bodyweight,Lunge,Calisthenics,Compound,Push,Advanced,true,true,3,8-12 each side,reps,Skater Squat,single leg unilateral lunge,
ex-0668-smith-machine-bulgarian-split-squat,Smith Machine Bulgarian Split Squat,,Quadriceps,Glutes|Hamstrings|Core,Legs,Smith Machine,Strength,Lunge,Resistance,Compound,Push,Intermediate,true,false,3,8-12 each side,reps,Bulgarian Split Squat,single leg unilateral lunge,
ex-0669-smith-machine-curtsy-lunge,Smith Machine Curtsy Lunge,,Quadriceps,Glutes|Hamstrings|Core,Legs,Smith Machine,Strength,Lunge,Resistance,Compound,Push,Intermediate,true,false,3,8-12 each side,reps,Curtsy Lunge,single leg unilateral lunge,
ex-0670-smith-machine-forward-lunge,Smith Machine Forward Lunge,,Quadriceps,Glutes|Hamstrings|Core,Legs,Smith Machine,Strength,Lunge,Resistance,Compound,Push,Intermediate,true,false,3,8-12 each side,reps,Forward Lunge,single leg unilateral lunge,
ex-0671-smith-machine-lateral-lunge,Smith Machine Lateral Lunge,,Quadriceps,Glutes|Hamstrings|Core,Legs,Smith Machine,Strength,Lunge,Resistance,Compound,Push,Intermediate,true,false,3,8-12 each side,reps,Lateral Lunge,single leg unilateral lunge,
ex-0672-smith-machine-lateral-step-up,Smith Machine Lateral Step-Up,,Quadriceps,Glutes|Hamstrings|Core,Legs,Smith Machine,Strength,Lunge,Resistance,Compound,Push,Intermediate,true,false,3,8-12 each side,reps,Lateral Step-Up,single leg unilateral lunge,
ex-0673-smith-machine-reverse-lunge,Smith Machine Reverse Lunge,,Quadriceps,Glutes|Hamstrings|Core,Legs,Smith Machine,Strength,Lunge,Resistance,Compound,Push,Intermediate,true,false,3,8-12 each side,reps,Reverse Lunge,single leg unilateral lunge,
ex-0674-smith-machine-split-squat,Smith Machine Split Squat,,Quadriceps,Glutes|Hamstrings|Core,Legs,Smith Machine,Strength,Lunge,Resistance,Compound,Push,Intermediate,true,false,3,8-12 each side,reps,Split Squat,single leg unilateral lunge,
ex-0675-smith-machine-squat,Smith Machine Squat,,Quadriceps,Glutes|Hamstrings|Core,Legs,Smith Machine,Strength,Squat,Resistance,Compound,Push,Intermediate,false,false,3,5-12,reps,Squat,squat legs quads,
ex-0676-smith-machine-step-up,Smith Machine Step-Up,,Quadriceps,Glutes|Hamstrings|Core,Legs,Smith Machine,Strength,Lunge,Resistance,Compound,Push,Intermediate,true,false,3,8-12 each side,reps,Step-Up,single leg unilateral lunge,
ex-0677-smith-machine-walking-lunge,Smith Machine Walking Lunge,,Quadriceps,Glutes|Hamstrings|Core,Legs,Smith Machine,Strength,Lunge,Resistance,Compound,Push,Intermediate,true,false,3,8-12 each side,reps,Walking Lunge,single leg unilateral lunge,
ex-0678-split-squat,Split Squat,,Quadriceps,Glutes|Hamstrings|Core,Legs,Bodyweight,Bodyweight,Lunge,Calisthenics,Compound,Push,Intermediate,true,true,3,8-12 each side,reps,Split Squat,single leg unilateral lunge,
ex-0679-step-up,Step-Up,,Quadriceps,Glutes|Hamstrings|Core,Legs,Bodyweight,Bodyweight,Lunge,Calisthenics,Compound,Push,Intermediate,true,true,3,8-12 each side,reps,Step-Up,single leg unilateral lunge,
ex-0680-tempo-anderson-squat,Tempo Anderson Squat,,Quadriceps,Glutes|Hamstrings|Core,Legs,Barbell,Strength,Squat,Resistance,Compound,Push,Intermediate,false,false,3,5-10,reps,Anderson Squat,squat variation,
ex-0681-tempo-back-squat,Tempo Back Squat,,Quadriceps,Glutes|Hamstrings|Core,Legs,Barbell,Strength,Squat,Resistance,Compound,Push,Intermediate,false,false,3,5-10,reps,Back Squat,squat variation,
ex-0682-tempo-box-squat,Tempo Box Squat,,Quadriceps,Glutes|Hamstrings|Core,Legs,Barbell,Strength,Squat,Resistance,Compound,Push,Intermediate,false,false,3,5-10,reps,Box Squat,squat variation,
ex-0683-tempo-bulgarian-split-squat,Tempo Bulgarian Split Squat,,Quadriceps,Glutes|Hamstrings|Core,Legs,Bodyweight,Bodyweight,Lunge,Calisthenics,Compound,Push,Advanced,true,true,3,5-10,reps,Bulgarian Split Squat,single leg unilateral lunge advanced variation,
ex-0684-tempo-front-squat,Tempo Front Squat,,Quadriceps,Glutes|Hamstrings|Core,Legs,Barbell,Strength,Squat,Resistance,Compound,Push,Intermediate,false,false,3,5-10,reps,Front Squat,squat variation,
ex-0685-tempo-goblet-squat,Tempo Goblet Squat,,Quadriceps,Glutes|Hamstrings|Core,Legs,Dumbbell,Strength,Squat,Resistance,Compound,Push,Intermediate,false,false,3,5-10,reps,Goblet Squat,squat variation,
ex-0686-tempo-high-bar-back-squat,Tempo High-Bar Back Squat,,Quadriceps,Glutes|Hamstrings|Core,Legs,Barbell,Strength,Squat,Resistance,Compound,Push,Intermediate,false,false,3,5-10,reps,High-Bar Back Squat,squat variation,
ex-0687-tempo-kettlebell-goblet-squat,Tempo Kettlebell Goblet Squat,,Quadriceps,Glutes|Hamstrings|Core,Legs,Kettlebell,Strength,Squat,Resistance,Compound,Push,Intermediate,false,false,3,5-10,reps,Kettlebell Goblet Squat,squat variation,
ex-0688-tempo-leg-press,Tempo Leg Press,,Quadriceps,Glutes|Hamstrings|Core,Legs,Machine,Strength,Squat,Resistance,Compound,Push,Advanced,false,false,3,5-10,reps,Leg Press,squat legs quads advanced variation,
ex-0689-tempo-low-bar-back-squat,Tempo Low-Bar Back Squat,,Quadriceps,Glutes|Hamstrings|Core,Legs,Barbell,Strength,Squat,Resistance,Compound,Push,Intermediate,false,false,3,5-10,reps,Low-Bar Back Squat,squat variation,
ex-0690-tempo-overhead-squat,Tempo Overhead Squat,,Quadriceps,Glutes|Hamstrings|Core,Legs,Barbell,Strength,Squat,Resistance,Compound,Push,Intermediate,false,false,3,5-10,reps,Overhead Squat,squat variation,
ex-0691-tempo-safety-bar-squat,Tempo Safety Bar Squat,,Quadriceps,Glutes|Hamstrings|Core,Legs,Safety Squat Bar,Strength,Squat,Resistance,Compound,Push,Intermediate,false,false,3,5-10,reps,Safety Bar Squat,squat variation,
ex-0692-tempo-smith-machine-squat,Tempo Smith Machine Squat,,Quadriceps,Glutes|Hamstrings|Core,Legs,Smith Machine,Strength,Squat,Resistance,Compound,Push,Intermediate,false,false,3,5-10,reps,Smith Machine Squat,squat variation,
ex-0693-tempo-zercher-squat,Tempo Zercher Squat,,Quadriceps,Glutes|Hamstrings|Core,Legs,Barbell,Strength,Squat,Resistance,Compound,Push,Intermediate,false,false,3,5-10,reps,Zercher Squat,squat variation,
ex-0694-walking-lunge,Walking Lunge,,Quadriceps,Glutes|Hamstrings|Core,Legs,Bodyweight,Bodyweight,Lunge,Calisthenics,Compound,Push,Intermediate,true,true,3,8-12 each side,reps,Walking Lunge,single leg unilateral lunge,
ex-0695-zercher-squat,Zercher Squat,,Quadriceps,Glutes|Hamstrings|Core,Legs,Barbell,Strength,Squat,Resistance,Compound,Push,Intermediate,false,false,3,5-12,reps,Squat,squat legs quads,
ex-0696-barbell-seated-calf-raise,Barbell Seated Calf Raise,,Calves,Soleus|Gastrocnemius,Lower Legs,Barbell,Strength,Plantar Flexion,Resistance,Isolation,Push,Beginner,false,false,3,12-25,reps,Seated Calf Raise,calf lower leg,
ex-0697-barbell-standing-calf-raise,Barbell Standing Calf Raise,,Calves,Soleus|Gastrocnemius,Lower Legs,Barbell,Strength,Plantar Flexion,Resistance,Isolation,Push,Beginner,false,false,3,12-25,reps,Standing Calf Raise,calf lower leg,
ex-0698-barbell-tibialis-raise,Barbell Tibialis Raise,,Calves,Soleus|Gastrocnemius,Lower Legs,Barbell,Strength,Dorsiflexion,Resistance,Isolation,Push,Beginner,false,false,3,12-25,reps,Tibialis Raise,calf lower leg,
ex-0699-donkey-calf-raise,Donkey Calf Raise,,Calves,Soleus|Gastrocnemius,Lower Legs,Bodyweight,Strength,Plantar Flexion,Calisthenics,Isolation,Push,Beginner,false,true,3,12-25,reps,Donkey Calf Raise,calf lower leg,
ex-0700-dumbbell-donkey-calf-raise,Dumbbell Donkey Calf Raise,,Calves,Soleus|Gastrocnemius,Lower Legs,Dumbbells,Strength,Plantar Flexion,Resistance,Isolation,Push,Beginner,false,false,3,12-25,reps,Donkey Calf Raise,calf lower leg,
ex-0701-dumbbell-seated-calf-raise,Dumbbell Seated Calf Raise,,Calves,Soleus|Gastrocnemius,Lower Legs,Dumbbells,Strength,Plantar Flexion,Resistance,Isolation,Push,Beginner,false,false,3,12-25,reps,Seated Calf Raise,calf lower leg,
ex-0702-dumbbell-standing-calf-raise,Dumbbell Standing Calf Raise,,Calves,Soleus|Gastrocnemius,Lower Legs,Dumbbells,Strength,Plantar Flexion,Resistance,Isolation,Push,Beginner,false,false,3,12-25,reps,Standing Calf Raise,calf lower leg,
ex-0703-dumbbell-tibialis-raise,Dumbbell Tibialis Raise,,Calves,Soleus|Gastrocnemius,Lower Legs,Dumbbells,Strength,Dorsiflexion,Resistance,Isolation,Push,Beginner,false,false,3,12-25,reps,Tibialis Raise,calf lower leg,
ex-0704-machine-donkey-calf-raise,Machine Donkey Calf Raise,,Calves,Soleus|Gastrocnemius,Lower Legs,Machine,Strength,Plantar Flexion,Resistance,Isolation,Push,Beginner,false,false,3,12-25,reps,Donkey Calf Raise,calf lower leg,
ex-0705-machine-leg-press-calf-raise,Machine Leg Press Calf Raise,,Calves,Soleus|Gastrocnemius,Lower Legs,Machine,Strength,Plantar Flexion,Resistance,Isolation,Push,Beginner,false,false,3,12-25,reps,Leg Press Calf Raise,calf lower leg,
ex-0706-machine-seated-calf-raise,Machine Seated Calf Raise,,Calves,Soleus|Gastrocnemius,Lower Legs,Machine,Strength,Plantar Flexion,Resistance,Isolation,Push,Beginner,false,false,3,12-25,reps,Seated Calf Raise,calf lower leg,
ex-0707-machine-standing-calf-raise,Machine Standing Calf Raise,,Calves,Soleus|Gastrocnemius,Lower Legs,Machine,Strength,Plantar Flexion,Resistance,Isolation,Push,Beginner,false,false,3,12-25,reps,Standing Calf Raise,calf lower leg,
ex-0708-machine-tibialis-raise,Machine Tibialis Raise,,Calves,Soleus|Gastrocnemius,Lower Legs,Machine,Strength,Dorsiflexion,Resistance,Isolation,Push,Beginner,false,false,3,12-25,reps,Tibialis Raise,calf lower leg,
ex-0709-seated-calf-raise,Seated Calf Raise,,Calves,Soleus|Gastrocnemius,Lower Legs,Bodyweight,Strength,Plantar Flexion,Calisthenics,Isolation,Push,Beginner,false,true,3,12-25,reps,Seated Calf Raise,calf lower leg,
ex-0710-single-leg-barbell-seated-calf-raise,Single-Leg Barbell Seated Calf Raise,,Calves,Soleus|Gastrocnemius|Balance,Lower Legs,Barbell,Strength,Plantar Flexion,Resistance,Isolation,Push,Intermediate,true,false,3,12-25 each side,reps,Seated Calf Raise,single leg calf,
ex-0711-single-leg-barbell-standing-calf-raise,Single-Leg Barbell Standing Calf Raise,,Calves,Soleus|Gastrocnemius|Balance,Lower Legs,Barbell,Strength,Plantar Flexion,Resistance,Isolation,Push,Intermediate,true,false,3,12-25 each side,reps,Standing Calf Raise,single leg calf,
ex-0712-single-leg-barbell-tibialis-raise,Single-Leg Barbell Tibialis Raise,,Calves,Soleus|Gastrocnemius|Balance,Lower Legs,Barbell,Strength,Dorsiflexion,Resistance,Isolation,Push,Intermediate,true,false,3,12-25 each side,reps,Tibialis Raise,single leg calf,
ex-0713-single-leg-donkey-calf-raise,Single-Leg Donkey Calf Raise,,Calves,Soleus|Gastrocnemius|Balance,Lower Legs,Bodyweight,Strength,Plantar Flexion,Calisthenics,Isolation,Push,Intermediate,true,true,3,12-25 each side,reps,Donkey Calf Raise,single leg calf,
ex-0714-single-leg-dumbbell-donkey-calf-raise,Single-Leg Dumbbell Donkey Calf Raise,,Calves,Soleus|Gastrocnemius|Balance,Lower Legs,Dumbbells,Strength,Plantar Flexion,Resistance,Isolation,Push,Intermediate,true,false,3,12-25 each side,reps,Donkey Calf Raise,single leg calf,
ex-0715-single-leg-dumbbell-seated-calf-raise,Single-Leg Dumbbell Seated Calf Raise,,Calves,Soleus|Gastrocnemius|Balance,Lower Legs,Dumbbells,Strength,Plantar Flexion,Resistance,Isolation,Push,Intermediate,true,false,3,12-25 each side,reps,Seated Calf Raise,single leg calf,
ex-0716-single-leg-dumbbell-standing-calf-raise,Single-Leg Dumbbell Standing Calf Raise,,Calves,Soleus|Gastrocnemius|Balance,Lower Legs,Dumbbells,Strength,Plantar Flexion,Resistance,Isolation,Push,Intermediate,true,false,3,12-25 each side,reps,Standing Calf Raise,single leg calf,
ex-0717-single-leg-dumbbell-tibialis-raise,Single-Leg Dumbbell Tibialis Raise,,Calves,Soleus|Gastrocnemius|Balance,Lower Legs,Dumbbells,Strength,Dorsiflexion,Resistance,Isolation,Push,Intermediate,true,false,3,12-25 each side,reps,Tibialis Raise,single leg calf,
ex-0718-single-leg-machine-donkey-calf-raise,Single-Leg Machine Donkey Calf Raise,,Calves,Soleus|Gastrocnemius|Balance,Lower Legs,Machine,Strength,Plantar Flexion,Resistance,Isolation,Push,Intermediate,true,false,3,12-25 each side,reps,Donkey Calf Raise,single leg calf,
ex-0719-single-leg-machine-leg-press-calf-raise,Single-Leg Machine Leg Press Calf Raise,,Calves,Soleus|Gastrocnemius|Balance,Lower Legs,Machine,Strength,Plantar Flexion,Resistance,Isolation,Push,Intermediate,true,false,3,12-25 each side,reps,Leg Press Calf Raise,single leg calf,
ex-0720-single-leg-machine-seated-calf-raise,Single-Leg Machine Seated Calf Raise,,Calves,Soleus|Gastrocnemius|Balance,Lower Legs,Machine,Strength,Plantar Flexion,Resistance,Isolation,Push,Intermediate,true,false,3,12-25 each side,reps,Seated Calf Raise,single leg calf,
ex-0721-single-leg-machine-standing-calf-raise,Single-Leg Machine Standing Calf Raise,,Calves,Soleus|Gastrocnemius|Balance,Lower Legs,Machine,Strength,Plantar Flexion,Resistance,Isolation,Push,Intermediate,true,false,3,12-25 each side,reps,Standing Calf Raise,single leg calf,
ex-0722-single-leg-machine-tibialis-raise,Single-Leg Machine Tibialis Raise,,Calves,Soleus|Gastrocnemius|Balance,Lower Legs,Machine,Strength,Dorsiflexion,Resistance,Isolation,Push,Intermediate,true,false,3,12-25 each side,reps,Tibialis Raise,single leg calf,
ex-0723-single-leg-seated-calf-raise,Single-Leg Seated Calf Raise,,Calves,Soleus|Gastrocnemius|Balance,Lower Legs,Bodyweight,Strength,Plantar Flexion,Calisthenics,Isolation,Push,Intermediate,true,true,3,12-25 each side,reps,Seated Calf Raise,single leg calf,
ex-0724-single-leg-smith-machine-seated-calf-raise,Single-Leg Smith Machine Seated Calf Raise,,Calves,Soleus|Gastrocnemius|Balance,Lower Legs,Smith Machine,Strength,Plantar Flexion,Resistance,Isolation,Push,Intermediate,true,false,3,12-25 each side,reps,Seated Calf Raise,single leg calf,
ex-0725-single-leg-smith-machine-standing-calf-raise,Single-Leg Smith Machine Standing Calf Raise,,Calves,Soleus|Gastrocnemius|Balance,Lower Legs,Smith Machine,Strength,Plantar Flexion,Resistance,Isolation,Push,Intermediate,true,false,3,12-25 each side,reps,Standing Calf Raise,single leg calf,
ex-0726-single-leg-smith-machine-tibialis-raise,Single-Leg Smith Machine Tibialis Raise,,Calves,Soleus|Gastrocnemius|Balance,Lower Legs,Smith Machine,Strength,Dorsiflexion,Resistance,Isolation,Push,Intermediate,true,false,3,12-25 each side,reps,Tibialis Raise,single leg calf,
ex-0727-single-leg-standing-calf-raise,Single-Leg Standing Calf Raise,,Calves,Soleus|Gastrocnemius|Balance,Lower Legs,Bodyweight,Strength,Plantar Flexion,Calisthenics,Isolation,Push,Intermediate,true,true,3,12-25 each side,reps,Standing Calf Raise,single leg calf,
ex-0728-single-leg-tibialis-raise,Single-Leg Tibialis Raise,,Calves,Soleus|Gastrocnemius|Balance,Lower Legs,Bodyweight,Strength,Dorsiflexion,Calisthenics,Isolation,Push,Intermediate,true,true,3,12-25 each side,reps,Tibialis Raise,single leg calf,
ex-0729-smith-machine-seated-calf-raise,Smith Machine Seated Calf Raise,,Calves,Soleus|Gastrocnemius,Lower Legs,Smith Machine,Strength,Plantar Flexion,Resistance,Isolation,Push,Beginner,false,false,3,12-25,reps,Seated Calf Raise,calf lower leg,
ex-0730-smith-machine-standing-calf-raise,Smith Machine Standing Calf Raise,,Calves,Soleus|Gastrocnemius,Lower Legs,Smith Machine,Strength,Plantar Flexion,Resistance,Isolation,Push,Beginner,false,false,3,12-25,reps,Standing Calf Raise,calf lower leg,
ex-0731-smith-machine-tibialis-raise,Smith Machine Tibialis Raise,,Calves,Soleus|Gastrocnemius,Lower Legs,Smith Machine,Strength,Dorsiflexion,Resistance,Isolation,Push,Beginner,false,false,3,12-25,reps,Tibialis Raise,calf lower leg,
ex-0732-standing-calf-raise,Standing Calf Raise,,Calves,Soleus|Gastrocnemius,Lower Legs,Bodyweight,Strength,Plantar Flexion,Calisthenics,Isolation,Push,Beginner,false,true,3,12-25,reps,Standing Calf Raise,calf lower leg,
ex-0733-tibialis-raise,Tibialis Raise,,Calves,Soleus|Gastrocnemius,Lower Legs,Bodyweight,Strength,Dorsiflexion,Calisthenics,Isolation,Push,Beginner,false,true,3,12-25,reps,Tibialis Raise,calf lower leg,
ex-0734-90-90-hip-stretch,90/90 Hip Stretch,,Hips,,Mobility,Bodyweight,Mobility,Mobility,Mobility,Mobility,Static,Beginner,false,true,2,30-60 sec,time,Mobility Drill,stretch mobility warmup recovery,
ex-0735-adductor-rock-back,Adductor Rock Back,,Adductors,,Mobility,Bodyweight,Mobility,Mobility,Mobility,Mobility,Static,Beginner,false,true,2,30-60 sec,time,Mobility Drill,stretch mobility warmup recovery,
ex-0736-ankle-dorsiflexion-mobilization,Ankle Dorsiflexion Mobilization,,Ankles,,Mobility,Bodyweight,Mobility,Mobility,Mobility,Mobility,Static,Beginner,false,true,2,30-60 sec,time,Mobility Drill,stretch mobility warmup recovery,
ex-0737-calf-wall-stretch,Calf Wall Stretch,,Calves,,Mobility,Bodyweight,Mobility,Mobility,Mobility,Mobility,Static,Beginner,false,true,2,30-60 sec,time,Mobility Drill,stretch mobility warmup recovery,
ex-0738-cat-cow,Cat-Cow,,Spine,,Mobility,Bodyweight,Mobility,Mobility,Mobility,Mobility,Static,Beginner,false,true,2,30-60 sec,time,Mobility Drill,stretch mobility warmup recovery,
ex-0739-child-s-pose,Child's Pose,,Back,,Mobility,Bodyweight,Mobility,Mobility,Mobility,Mobility,Static,Beginner,false,true,2,30-60 sec,time,Mobility Drill,stretch mobility warmup recovery,
ex-0740-cobra-stretch,Cobra Stretch,,Abdominals,,Mobility,Bodyweight,Mobility,Mobility,Mobility,Mobility,Static,Beginner,false,true,2,30-60 sec,time,Mobility Drill,stretch mobility warmup recovery,
ex-0741-couch-stretch,Couch Stretch,,Hip Flexors,,Mobility,Bodyweight,Mobility,Mobility,Mobility,Mobility,Static,Beginner,false,true,2,30-60 sec,time,Mobility Drill,stretch mobility warmup recovery,
ex-0742-deep-squat-hold,Deep Squat Hold,,Hips,,Mobility,Bodyweight,Mobility,Mobility,Mobility,Mobility,Static,Beginner,false,true,2,30-60 sec,time,Mobility Drill,stretch mobility warmup recovery,
ex-0743-doorway-pec-stretch,Doorway Pec Stretch,,Chest,,Mobility,Bodyweight,Mobility,Mobility,Mobility,Mobility,Static,Beginner,false,true,2,30-60 sec,time,Mobility Drill,stretch mobility warmup recovery,
ex-0744-downward-dog,Downward Dog,,Full Body,,Mobility,Bodyweight,Mobility,Mobility,Mobility,Mobility,Static,Beginner,false,true,2,30-60 sec,time,Mobility Drill,stretch mobility warmup recovery,
ex-0745-figure-four-stretch,Figure Four Stretch,,Glutes,,Mobility,Bodyweight,Mobility,Mobility,Mobility,Mobility,Static,Beginner,false,true,2,30-60 sec,time,Mobility Drill,stretch mobility warmup recovery,
ex-0746-frog-stretch,Frog Stretch,,Adductors,,Mobility,Bodyweight,Mobility,Mobility,Mobility,Mobility,Static,Beginner,false,true,2,30-60 sec,time,Mobility Drill,stretch mobility warmup recovery,
ex-0747-hamstring-stretch,Hamstring Stretch,,Hamstrings,,Mobility,Bodyweight,Mobility,Mobility,Mobility,Mobility,Static,Beginner,false,true,2,30-60 sec,time,Mobility Drill,stretch mobility warmup recovery,
ex-0748-hip-flexor-stretch,Hip Flexor Stretch,,Hip Flexors,,Mobility,Bodyweight,Mobility,Mobility,Mobility,Mobility,Static,Beginner,false,true,2,30-60 sec,time,Mobility Drill,stretch mobility warmup recovery,
ex-0749-iron-cross-stretch,Iron Cross Stretch,,Spine,,Mobility,Bodyweight,Mobility,Mobility,Mobility,Mobility,Static,Beginner,false,true,2,30-60 sec,time,Mobility Drill,stretch mobility warmup recovery,
ex-0750-jefferson-curl,Jefferson Curl,,Hamstrings,,Mobility,Bodyweight,Mobility,Mobility,Mobility,Mobility,Static,Beginner,false,true,2,30-60 sec,time,Mobility Drill,stretch mobility warmup recovery,
ex-0751-lat-stretch,Lat Stretch,,Latissimus Dorsi,,Mobility,Bodyweight,Mobility,Mobility,Mobility,Mobility,Static,Beginner,false,true,2,30-60 sec,time,Mobility Drill,stretch mobility warmup recovery,
ex-0752-neck-side-stretch,Neck Side Stretch,,Neck,,Mobility,Bodyweight,Mobility,Mobility,Mobility,Mobility,Static,Beginner,false,true,2,30-60 sec,time,Mobility Drill,stretch mobility warmup recovery,
ex-0753-open-book-stretch,Open Book Stretch,,Thoracic Spine,,Mobility,Bodyweight,Mobility,Mobility,Mobility,Mobility,Static,Beginner,false,true,2,30-60 sec,time,Mobility Drill,stretch mobility warmup recovery,
ex-0754-pigeon-pose,Pigeon Pose,,Glutes,,Mobility,Bodyweight,Mobility,Mobility,Mobility,Mobility,Static,Beginner,false,true,2,30-60 sec,time,Mobility Drill,stretch mobility warmup recovery,
ex-0755-scorpion-stretch,Scorpion Stretch,,Spine,,Mobility,Bodyweight,Mobility,Mobility,Mobility,Mobility,Static,Beginner,false,true,2,30-60 sec,time,Mobility Drill,stretch mobility warmup recovery,
ex-0756-shoulder-dislocate,Shoulder Dislocate,,Shoulders,,Mobility,Bodyweight,Mobility,Mobility,Mobility,Mobility,Static,Beginner,false,true,2,30-60 sec,time,Mobility Drill,stretch mobility warmup recovery,
ex-0757-sleeper-stretch,Sleeper Stretch,,Shoulders,,Mobility,Bodyweight,Mobility,Mobility,Mobility,Mobility,Static,Beginner,false,true,2,30-60 sec,time,Mobility Drill,stretch mobility warmup recovery,
ex-0758-standing-quad-stretch,Standing Quad Stretch,,Quadriceps,,Mobility,Bodyweight,Mobility,Mobility,Mobility,Mobility,Static,Beginner,false,true,2,30-60 sec,time,Mobility Drill,stretch mobility warmup recovery,
ex-0759-thoracic-rotation,Thoracic Rotation,,Thoracic Spine,,Mobility,Bodyweight,Mobility,Mobility,Mobility,Mobility,Static,Beginner,false,true,2,30-60 sec,time,Mobility Drill,stretch mobility warmup recovery,
ex-0760-wall-slide,Wall Slide,,Shoulders,,Mobility,Bodyweight,Mobility,Mobility,Mobility,Mobility,Static,Beginner,false,true,2,30-60 sec,time,Mobility Drill,stretch mobility warmup recovery,
ex-0761-world-s-greatest-stretch,World's Greatest Stretch,,Full Body,,Mobility,Bodyweight,Mobility,Mobility,Mobility,Mobility,Static,Beginner,false,true,2,30-60 sec,time,Mobility Drill,stretch mobility warmup recovery,
ex-0762-wrist-extensor-stretch,Wrist Extensor Stretch,,Forearms,,Mobility,Bodyweight,Mobility,Mobility,Mobility,Mobility,Static,Beginner,false,true,2,30-60 sec,time,Mobility Drill,stretch mobility warmup recovery,
ex-0763-wrist-flexor-stretch,Wrist Flexor Stretch,,Forearms,,Mobility,Bodyweight,Mobility,Mobility,Mobility,Mobility,Static,Beginner,false,true,2,30-60 sec,time,Mobility Drill,stretch mobility warmup recovery,
ex-0764-1-5-rep-conventional-deadlift,1.5-Rep Conventional Deadlift,,Hamstrings,Glutes|Lower Back|Upper Back,Posterior Chain,Barbell,Strength,Hinge,Resistance,Compound,Pull,Advanced,false,false,3,5-10,reps,Conventional Deadlift,hinge deadlift posterior chain advanced variation,
ex-0765-1-5-rep-romanian-deadlift,1.5-Rep Romanian Deadlift,,Hamstrings,Glutes|Lower Back|Upper Back,Posterior Chain,Barbell,Strength,Hinge,Resistance,Compound,Pull,Advanced,false,false,3,5-10,reps,Romanian Deadlift,hinge deadlift posterior chain advanced variation,
ex-0766-block-pull,Block Pull,,Hamstrings,Glutes|Lower Back|Upper Back,Posterior Chain,Barbell,Strength,Hinge,Resistance,Compound,Pull,Intermediate,false,false,3,5-12,reps,Hip Hinge,hinge deadlift posterior chain,
ex-0767-cable-pull-through,Cable Pull-Through,,Hamstrings,Glutes|Lower Back|Upper Back,Posterior Chain,Cable,Strength,Hinge,Resistance,Compound,Pull,Intermediate,false,false,3,5-12,reps,Hip Hinge,hinge deadlift posterior chain,
ex-0768-conventional-deadlift,Conventional Deadlift,,Hamstrings,Glutes|Lower Back|Upper Back,Posterior Chain,Barbell,Strength,Hinge,Resistance,Compound,Pull,Intermediate,false,false,3,5-12,reps,Hip Hinge,hinge deadlift posterior chain,
ex-0769-deficit-deadlift,Deficit Deadlift,,Hamstrings,Glutes|Lower Back|Upper Back,Posterior Chain,Barbell,Strength,Hinge,Resistance,Compound,Pull,Advanced,false,false,3,5-12,reps,Hip Hinge,hinge deadlift posterior chain,
ex-0770-dumbbell-romanian-deadlift,Dumbbell Romanian Deadlift,,Hamstrings,Glutes|Lower Back|Upper Back,Posterior Chain,Dumbbells,Strength,Hinge,Resistance,Compound,Pull,Intermediate,false,false,3,5-12,reps,Hip Hinge,hinge deadlift posterior chain,
ex-0771-eccentric-conventional-deadlift,Eccentric Conventional Deadlift,,Hamstrings,Glutes|Lower Back|Upper Back,Posterior Chain,Barbell,Strength,Hinge,Resistance,Compound,Pull,Advanced,false,false,3,5-10,reps,Conventional Deadlift,hinge deadlift posterior chain advanced variation,
ex-0772-eccentric-romanian-deadlift,Eccentric Romanian Deadlift,,Hamstrings,Glutes|Lower Back|Upper Back,Posterior Chain,Barbell,Strength,Hinge,Resistance,Compound,Pull,Advanced,false,false,3,5-10,reps,Romanian Deadlift,hinge deadlift posterior chain advanced variation,
ex-0773-good-morning,Good Morning,,Hamstrings,Glutes|Lower Back|Upper Back,Posterior Chain,Barbell,Strength,Hinge,Resistance,Compound,Pull,Advanced,false,false,3,5-12,reps,Hip Hinge,hinge deadlift posterior chain,
ex-0774-kettlebell-romanian-deadlift,Kettlebell Romanian Deadlift,,Hamstrings,Glutes|Lower Back|Upper Back,Posterior Chain,Kettlebell,Strength,Hinge,Resistance,Compound,Pull,Intermediate,false,false,3,5-12,reps,Hip Hinge,hinge deadlift posterior chain,
ex-0775-kettlebell-swing,Kettlebell Swing,,Hamstrings,Glutes|Lower Back|Upper Back,Posterior Chain,Kettlebell,Strength,Hinge,Resistance,Compound,Pull,Intermediate,false,false,3,5-12,reps,Hip Hinge,hinge deadlift posterior chain,
ex-0776-paused-conventional-deadlift,Paused Conventional Deadlift,,Hamstrings,Glutes|Lower Back|Upper Back,Posterior Chain,Barbell,Strength,Hinge,Resistance,Compound,Pull,Advanced,false,false,3,5-10,reps,Conventional Deadlift,hinge deadlift posterior chain advanced variation,
ex-0777-paused-romanian-deadlift,Paused Romanian Deadlift,,Hamstrings,Glutes|Lower Back|Upper Back,Posterior Chain,Barbell,Strength,Hinge,Resistance,Compound,Pull,Advanced,false,false,3,5-10,reps,Romanian Deadlift,hinge deadlift posterior chain advanced variation,
ex-0778-rack-pull,Rack Pull,,Hamstrings,Glutes|Lower Back|Upper Back,Posterior Chain,Barbell,Strength,Hinge,Resistance,Compound,Pull,Intermediate,false,false,3,5-12,reps,Hip Hinge,hinge deadlift posterior chain,
ex-0779-romanian-deadlift,Romanian Deadlift,,Hamstrings,Glutes|Lower Back|Upper Back,Posterior Chain,Barbell,Strength,Hinge,Resistance,Compound,Pull,Intermediate,false,false,3,5-12,reps,Hip Hinge,hinge deadlift posterior chain,
ex-0780-single-leg-dumbbell-romanian-deadlift,Single-Leg Dumbbell Romanian Deadlift,,Hamstrings,Glutes|Core,Posterior Chain,Dumbbells,Strength,Hinge,Resistance,Compound,Pull,Intermediate,true,false,3,8-12 each side,reps,Romanian Deadlift,single leg rdl,
ex-0781-single-leg-kettlebell-romanian-deadlift,Single-Leg Kettlebell Romanian Deadlift,,Hamstrings,Glutes|Core,Posterior Chain,Kettlebell,Strength,Hinge,Resistance,Compound,Pull,Intermediate,true,false,3,8-12 each side,reps,Romanian Deadlift,single leg rdl,
ex-0782-single-leg-romanian-deadlift,Single-Leg Romanian Deadlift,,Hamstrings,Glutes|Core,Posterior Chain,Barbell,Strength,Hinge,Resistance,Compound,Pull,Intermediate,true,false,3,8-12 each side,reps,Romanian Deadlift,single leg rdl,
ex-0783-snatch-grip-deadlift,Snatch-Grip Deadlift,,Hamstrings,Glutes|Lower Back|Upper Back,Posterior Chain,Barbell,Strength,Hinge,Resistance,Compound,Pull,Advanced,false,false,3,5-12,reps,Hip Hinge,hinge deadlift posterior chain,
ex-0784-stiff-leg-deadlift,Stiff-Leg Deadlift,,Hamstrings,Glutes|Lower Back|Upper Back,Posterior Chain,Barbell,Strength,Hinge,Resistance,Compound,Pull,Intermediate,false,false,3,5-12,reps,Hip Hinge,hinge deadlift posterior chain,
ex-0785-sumo-deadlift,Sumo Deadlift,,Hamstrings,Glutes|Lower Back|Upper Back,Posterior Chain,Barbell,Strength,Hinge,Resistance,Compound,Pull,Intermediate,false,false,3,5-12,reps,Hip Hinge,hinge deadlift posterior chain,
ex-0786-tempo-conventional-deadlift,Tempo Conventional Deadlift,,Hamstrings,Glutes|Lower Back|Upper Back,Posterior Chain,Barbell,Strength,Hinge,Resistance,Compound,Pull,Advanced,false,false,3,5-10,reps,Conventional Deadlift,hinge deadlift posterior chain advanced variation,
ex-0787-tempo-romanian-deadlift,Tempo Romanian Deadlift,,Hamstrings,Glutes|Lower Back|Upper Back,Posterior Chain,Barbell,Strength,Hinge,Resistance,Compound,Pull,Advanced,false,false,3,5-10,reps,Romanian Deadlift,hinge deadlift posterior chain advanced variation,
ex-0788-trap-bar-deadlift,Trap Bar Deadlift,,Hamstrings,Glutes|Lower Back|Upper Back,Posterior Chain,Trap Bar,Strength,Hinge,Resistance,Compound,Pull,Intermediate,false,false,3,5-12,reps,Hip Hinge,hinge deadlift posterior chain,
ex-0789-band-external-rotation,Band External Rotation,,Rotator Cuff,Stabilizers,Prehab,Resistance Band,Prehab,Stability,Corrective,Isolation,Other,Beginner,false,false,2,12-20,reps,Corrective Exercise,rehab prehab stability corrective,
ex-0790-band-internal-rotation,Band Internal Rotation,,Rotator Cuff,Stabilizers,Prehab,Resistance Band,Prehab,Stability,Corrective,Isolation,Other,Beginner,false,false,2,12-20,reps,Corrective Exercise,rehab prehab stability corrective,
ex-0791-band-pull-apart,Band Pull-Apart,,Upper Back,Stabilizers,Prehab,Resistance Band,Prehab,Stability,Corrective,Isolation,Other,Beginner,false,false,2,12-20,reps,Corrective Exercise,rehab prehab stability corrective,
ex-0792-banded-clamshell,Banded Clamshell,,Gluteus Medius,Stabilizers,Prehab,Resistance Band,Prehab,Stability,Corrective,Isolation,Other,Beginner,false,false,2,12-20,reps,Corrective Exercise,rehab prehab stability corrective,
ex-0793-cable-external-rotation,Cable External Rotation,,Rotator Cuff,Stabilizers,Prehab,Cable,Prehab,Stability,Corrective,Isolation,Other,Beginner,false,false,2,12-20,reps,Corrective Exercise,rehab prehab stability corrective,
ex-0794-cable-internal-rotation,Cable Internal Rotation,,Rotator Cuff,Stabilizers,Prehab,Cable,Prehab,Stability,Corrective,Isolation,Other,Beginner,false,false,2,12-20,reps,Corrective Exercise,rehab prehab stability corrective,
ex-0795-face-pull,Face Pull,,Posterior Deltoids,Stabilizers,Prehab,Bodyweight,Prehab,Stability,Corrective,Isolation,Other,Beginner,false,true,2,12-20,reps,Corrective Exercise,rehab prehab stability corrective,
ex-0796-fire-hydrant,Fire Hydrant,,Gluteus Medius,Stabilizers,Prehab,Bodyweight,Prehab,Stability,Corrective,Isolation,Other,Beginner,false,true,2,12-20,reps,Corrective Exercise,rehab prehab stability corrective,
ex-0797-lateral-band-walk,Lateral Band Walk,,Gluteus Medius,Stabilizers,Prehab,Resistance Band,Prehab,Stability,Corrective,Isolation,Other,Beginner,false,false,2,12-20,reps,Corrective Exercise,rehab prehab stability corrective,
ex-0798-monster-walk,Monster Walk,,Gluteus Medius,Stabilizers,Prehab,Resistance Band,Prehab,Stability,Corrective,Isolation,Other,Beginner,false,false,2,12-20,reps,Corrective Exercise,rehab prehab stability corrective,
ex-0799-peterson-step-up,Peterson Step-Up,,Quadriceps,Stabilizers,Prehab,Bodyweight,Prehab,Stability,Corrective,Isolation,Other,Beginner,false,true,2,12-20,reps,Corrective Exercise,rehab prehab stability corrective,
ex-0800-prone-i-raise,Prone I Raise,,Lower Traps,Stabilizers,Prehab,Bodyweight,Prehab,Stability,Corrective,Isolation,Other,Beginner,false,true,2,12-20,reps,Corrective Exercise,rehab prehab stability corrective,
ex-0801-prone-t-raise,Prone T Raise,,Middle Traps,Stabilizers,Prehab,Bodyweight,Prehab,Stability,Corrective,Isolation,Other,Beginner,false,true,2,12-20,reps,Corrective Exercise,rehab prehab stability corrective,
ex-0802-prone-w-raise,Prone W Raise,,Rotator Cuff,Stabilizers,Prehab,Bodyweight,Prehab,Stability,Corrective,Isolation,Other,Beginner,false,true,2,12-20,reps,Corrective Exercise,rehab prehab stability corrective,
ex-0803-prone-y-raise,Prone Y Raise,,Lower Traps,Stabilizers,Prehab,Bodyweight,Prehab,Stability,Corrective,Isolation,Other,Beginner,false,true,2,12-20,reps,Corrective Exercise,rehab prehab stability corrective,
ex-0804-scapular-push-up,Scapular Push-Up,,Serratus Anterior,Stabilizers,Prehab,Bodyweight,Prehab,Stability,Corrective,Isolation,Other,Beginner,false,true,2,12-20,reps,Corrective Exercise,rehab prehab stability corrective,
ex-0805-serratus-wall-slide,Serratus Wall Slide,,Serratus Anterior,Stabilizers,Prehab,Bodyweight,Prehab,Stability,Corrective,Isolation,Other,Beginner,false,true,2,12-20,reps,Corrective Exercise,rehab prehab stability corrective,
ex-0806-short-foot-exercise,Short Foot Exercise,,Foot Intrinsics,Stabilizers,Prehab,Bodyweight,Prehab,Stability,Corrective,Isolation,Other,Beginner,false,true,2,12-20,reps,Corrective Exercise,rehab prehab stability corrective,
ex-0807-single-leg-balance,Single-Leg Balance,,Ankles,Stabilizers,Prehab,Bodyweight,Prehab,Stability,Corrective,Isolation,Other,Beginner,true,true,2,30-60 sec,time,Corrective Exercise,rehab prehab stability corrective,
ex-0808-spanish-squat,Spanish Squat,,Quadriceps,Stabilizers,Prehab,Bodyweight,Prehab,Stability,Corrective,Isolation,Other,Beginner,false,true,2,12-20,reps,Corrective Exercise,rehab prehab stability corrective,
ex-0809-t-raise,T Raise,,Middle Traps,Stabilizers,Prehab,Bodyweight,Prehab,Stability,Corrective,Isolation,Other,Beginner,false,true,2,12-20,reps,Corrective Exercise,rehab prehab stability corrective,
ex-0810-terminal-knee-extension,Terminal Knee Extension,,Quadriceps,Stabilizers,Prehab,Bodyweight,Prehab,Stability,Corrective,Isolation,Other,Beginner,false,true,2,12-20,reps,Corrective Exercise,rehab prehab stability corrective,
ex-0811-y-raise,Y Raise,,Lower Traps,Stabilizers,Prehab,Bodyweight,Prehab,Stability,Corrective,Isolation,Other,Beginner,false,true,2,12-20,reps,Corrective Exercise,rehab prehab stability corrective,
ex-0812-1-5-rep-standing-barbell-overhead-press,1.5-Rep Standing Barbell Overhead Press,,Shoulders,Triceps|Upper Chest,Shoulders,Barbell,Strength,Vertical Push,Resistance,Compound,Push,Advanced,false,false,3,5-10,reps,Standing Barbell Overhead Press,shoulder press overhead press advanced variation,
ex-0813-arnold-press,Arnold Press,,Shoulders,Triceps|Upper Chest,Shoulders,Dumbbells,Strength,Vertical Push,Resistance,Compound,Push,Intermediate,false,false,3,6-12,reps,Overhead Press,shoulder press overhead press,
ex-0814-bottoms-up-kettlebell-press,Bottoms-Up Kettlebell Press,,Shoulders,Triceps|Upper Chest,Shoulders,Kettlebell,Strength,Vertical Push,Resistance,Compound,Push,Advanced,false,false,3,6-12,reps,Overhead Press,shoulder press overhead press,
ex-0815-bradford-press,Bradford Press,,Shoulders,Triceps|Upper Chest,Shoulders,Barbell,Strength,Vertical Push,Resistance,Compound,Push,Intermediate,false,false,3,6-12,reps,Overhead Press,shoulder press overhead press,
ex-0816-eccentric-standing-barbell-overhead-press,Eccentric Standing Barbell Overhead Press,,Shoulders,Triceps|Upper Chest,Shoulders,Barbell,Strength,Vertical Push,Resistance,Compound,Push,Advanced,false,false,3,5-10,reps,Standing Barbell Overhead Press,shoulder press overhead press advanced variation,
ex-0817-incline-cable-front-raise,Incline Cable Front Raise,,Anterior Deltoids,,Shoulders,Cable,Strength,Shoulder Flexion,Resistance,Isolation,Push,Beginner,false,false,3,10-20,reps,Front Raise,front raise delts shoulders,
ex-0818-incline-cable-lateral-raise,Incline Cable Lateral Raise,,Lateral Deltoids,Upper Traps,Shoulders,Cable,Strength,Shoulder Abduction,Resistance,Isolation,Push,Beginner,false,false,3,10-20,reps,Lateral Raise,lateral raise delts shoulders,
ex-0819-incline-cable-rear-delt-fly,Incline Cable Rear Delt Fly,,Posterior Deltoids,,Shoulders,Cable,Strength,Horizontal Abduction,Resistance,Isolation,Pull,Beginner,false,false,3,10-20,reps,Rear Delt Fly,rear delt fly delts shoulders,
ex-0820-incline-dumbbell-front-raise,Incline Dumbbell Front Raise,,Anterior Deltoids,,Shoulders,Dumbbells,Strength,Shoulder Flexion,Resistance,Isolation,Push,Beginner,false,false,3,10-20,reps,Front Raise,front raise delts shoulders,
ex-0821-incline-dumbbell-lateral-raise,Incline Dumbbell Lateral Raise,,Lateral Deltoids,Upper Traps,Shoulders,Dumbbells,Strength,Shoulder Abduction,Resistance,Isolation,Push,Beginner,false,false,3,10-20,reps,Lateral Raise,lateral raise delts shoulders,
ex-0822-incline-dumbbell-rear-delt-fly,Incline Dumbbell Rear Delt Fly,,Posterior Deltoids,,Shoulders,Dumbbells,Strength,Horizontal Abduction,Resistance,Isolation,Pull,Beginner,false,false,3,10-20,reps,Rear Delt Fly,rear delt fly delts shoulders,
ex-0823-incline-resistance-band-front-raise,Incline Resistance Band Front Raise,,Anterior Deltoids,,Shoulders,Resistance Band,Strength,Shoulder Flexion,Resistance,Isolation,Push,Beginner,false,false,3,10-20,reps,Front Raise,front raise delts shoulders,
ex-0824-incline-resistance-band-lateral-raise,Incline Resistance Band Lateral Raise,,Lateral Deltoids,Upper Traps,Shoulders,Resistance Band,Strength,Shoulder Abduction,Resistance,Isolation,Push,Beginner,false,false,3,10-20,reps,Lateral Raise,lateral raise delts shoulders,
ex-0825-incline-resistance-band-rear-delt-fly,Incline Resistance Band Rear Delt Fly,,Posterior Deltoids,,Shoulders,Resistance Band,Strength,Horizontal Abduction,Resistance,Isolation,Pull,Beginner,false,false,3,10-20,reps,Rear Delt Fly,rear delt fly delts shoulders,
ex-0826-kettlebell-press,Kettlebell Press,,Shoulders,Triceps|Upper Chest,Shoulders,Kettlebell,Strength,Vertical Push,Resistance,Compound,Push,Intermediate,false,false,3,6-12,reps,Overhead Press,shoulder press overhead press,
ex-0827-landmine-press,Landmine Press,,Shoulders,Triceps|Upper Chest,Shoulders,Landmine,Strength,Vertical Push,Resistance,Compound,Push,Intermediate,false,false,3,6-12,reps,Overhead Press,shoulder press overhead press,
ex-0828-leaning-cable-lateral-raise,Leaning Cable Lateral Raise,,Lateral Deltoids,Upper Traps,Shoulders,Cable,Strength,Shoulder Abduction,Resistance,Isolation,Push,Beginner,false,false,3,10-20,reps,Lateral Raise,lateral raise delts shoulders,
ex-0829-leaning-dumbbell-lateral-raise,Leaning Dumbbell Lateral Raise,,Lateral Deltoids,Upper Traps,Shoulders,Dumbbells,Strength,Shoulder Abduction,Resistance,Isolation,Push,Beginner,false,false,3,10-20,reps,Lateral Raise,lateral raise delts shoulders,
ex-0830-leaning-resistance-band-lateral-raise,Leaning Resistance Band Lateral Raise,,Lateral Deltoids,Upper Traps,Shoulders,Resistance Band,Strength,Shoulder Abduction,Resistance,Isolation,Push,Beginner,false,false,3,10-20,reps,Lateral Raise,lateral raise delts shoulders,
ex-0831-machine-shoulder-press,Machine Shoulder Press,,Shoulders,Triceps|Upper Chest,Shoulders,Machine,Strength,Vertical Push,Resistance,Compound,Push,Intermediate,false,false,3,6-12,reps,Overhead Press,shoulder press overhead press,
ex-0832-paused-standing-barbell-overhead-press,Paused Standing Barbell Overhead Press,,Shoulders,Triceps|Upper Chest,Shoulders,Barbell,Strength,Vertical Push,Resistance,Compound,Push,Advanced,false,false,3,5-10,reps,Standing Barbell Overhead Press,shoulder press overhead press advanced variation,
ex-0833-push-press,Push Press,,Shoulders,Triceps|Upper Chest,Shoulders,Barbell,Strength,Vertical Push,Resistance,Compound,Push,Advanced,false,false,3,6-12,reps,Overhead Press,shoulder press overhead press,
ex-0834-seated-barbell-overhead-press,Seated Barbell Overhead Press,,Shoulders,Triceps|Upper Chest,Shoulders,Barbell,Strength,Vertical Push,Resistance,Compound,Push,Intermediate,false,false,3,6-12,reps,Overhead Press,shoulder press overhead press,
ex-0835-seated-cable-front-raise,Seated Cable Front Raise,,Anterior Deltoids,,Shoulders,Cable,Strength,Shoulder Flexion,Resistance,Isolation,Push,Beginner,false,false,3,10-20,reps,Front Raise,front raise delts shoulders,
ex-0836-seated-cable-lateral-raise,Seated Cable Lateral Raise,,Lateral Deltoids,Upper Traps,Shoulders,Cable,Strength,Shoulder Abduction,Resistance,Isolation,Push,Beginner,false,false,3,10-20,reps,Lateral Raise,lateral raise delts shoulders,
ex-0837-seated-cable-rear-delt-fly,Seated Cable Rear Delt Fly,,Posterior Deltoids,,Shoulders,Cable,Strength,Horizontal Abduction,Resistance,Isolation,Pull,Beginner,false,false,3,10-20,reps,Rear Delt Fly,rear delt fly delts shoulders,
ex-0838-seated-dumbbell-front-raise,Seated Dumbbell Front Raise,,Anterior Deltoids,,Shoulders,Dumbbells,Strength,Shoulder Flexion,Resistance,Isolation,Push,Beginner,false,false,3,10-20,reps,Front Raise,front raise delts shoulders,
ex-0839-seated-dumbbell-lateral-raise,Seated Dumbbell Lateral Raise,,Lateral Deltoids,Upper Traps,Shoulders,Dumbbells,Strength,Shoulder Abduction,Resistance,Isolation,Push,Beginner,false,false,3,10-20,reps,Lateral Raise,lateral raise delts shoulders,
ex-0840-seated-dumbbell-rear-delt-fly,Seated Dumbbell Rear Delt Fly,,Posterior Deltoids,,Shoulders,Dumbbells,Strength,Horizontal Abduction,Resistance,Isolation,Pull,Beginner,false,false,3,10-20,reps,Rear Delt Fly,rear delt fly delts shoulders,
ex-0841-seated-dumbbell-shoulder-press,Seated Dumbbell Shoulder Press,,Shoulders,Triceps|Upper Chest,Shoulders,Dumbbells,Strength,Vertical Push,Resistance,Compound,Push,Intermediate,false,false,3,6-12,reps,Overhead Press,shoulder press overhead press,
ex-0842-seated-machine-front-raise,Seated Machine Front Raise,,Anterior Deltoids,,Shoulders,Machine,Strength,Shoulder Flexion,Resistance,Isolation,Push,Beginner,false,false,3,10-20,reps,Front Raise,front raise delts shoulders,
ex-0843-seated-machine-lateral-raise,Seated Machine Lateral Raise,,Lateral Deltoids,Upper Traps,Shoulders,Machine,Strength,Shoulder Abduction,Resistance,Isolation,Push,Beginner,false,false,3,10-20,reps,Lateral Raise,lateral raise delts shoulders,
ex-0844-seated-machine-rear-delt-fly,Seated Machine Rear Delt Fly,,Posterior Deltoids,,Shoulders,Machine,Strength,Horizontal Abduction,Resistance,Isolation,Pull,Beginner,false,false,3,10-20,reps,Rear Delt Fly,rear delt fly delts shoulders,
ex-0845-seated-resistance-band-front-raise,Seated Resistance Band Front Raise,,Anterior Deltoids,,Shoulders,Resistance Band,Strength,Shoulder Flexion,Resistance,Isolation,Push,Beginner,false,false,3,10-20,reps,Front Raise,front raise delts shoulders,
ex-0846-seated-resistance-band-lateral-raise,Seated Resistance Band Lateral Raise,,Lateral Deltoids,Upper Traps,Shoulders,Resistance Band,Strength,Shoulder Abduction,Resistance,Isolation,Push,Beginner,false,false,3,10-20,reps,Lateral Raise,lateral raise delts shoulders,
ex-0847-seated-resistance-band-rear-delt-fly,Seated Resistance Band Rear Delt Fly,,Posterior Deltoids,,Shoulders,Resistance Band,Strength,Horizontal Abduction,Resistance,Isolation,Pull,Beginner,false,false,3,10-20,reps,Rear Delt Fly,rear delt fly delts shoulders,
ex-0848-single-arm-arnold-press,Single-Arm Arnold Press,,Shoulders,Triceps|Core,Shoulders,Dumbbells,Strength,Vertical Push,Resistance,Compound,Push,Intermediate,true,false,3,8-12,reps,Overhead Press,unilateral shoulder press,
ex-0849-single-arm-bottoms-up-kettlebell-press,Single-Arm Bottoms-Up Kettlebell Press,,Shoulders,Triceps|Core,Shoulders,Kettlebell,Strength,Vertical Push,Resistance,Compound,Push,Intermediate,true,false,3,8-12,reps,Overhead Press,unilateral shoulder press,
ex-0850-single-arm-cable-front-raise,Single-Arm Cable Front Raise,,Anterior Deltoids,Core,Shoulders,Cable,Strength,Shoulder Flexion,Resistance,Isolation,Push,Intermediate,true,false,3,10-20,reps,Front Raise,unilateral shoulder raise,
ex-0851-single-arm-cable-lateral-raise,Single-Arm Cable Lateral Raise,,Lateral Deltoids,Core,Shoulders,Cable,Strength,Shoulder Abduction,Resistance,Isolation,Push,Intermediate,true,false,3,10-20,reps,Lateral Raise,unilateral shoulder raise,
ex-0852-single-arm-cable-rear-delt-fly,Single-Arm Cable Rear Delt Fly,,Posterior Deltoids,Core,Shoulders,Cable,Strength,Horizontal Abduction,Resistance,Isolation,Pull,Intermediate,true,false,3,10-20,reps,Rear Delt Fly,unilateral shoulder raise,
ex-0853-single-arm-dumbbell-front-raise,Single-Arm Dumbbell Front Raise,,Anterior Deltoids,Core,Shoulders,Dumbbells,Strength,Shoulder Flexion,Resistance,Isolation,Push,Intermediate,true,false,3,10-20,reps,Front Raise,unilateral shoulder raise,
ex-0854-single-arm-dumbbell-lateral-raise,Single-Arm Dumbbell Lateral Raise,,Lateral Deltoids,Core,Shoulders,Dumbbells,Strength,Shoulder Abduction,Resistance,Isolation,Push,Intermediate,true,false,3,10-20,reps,Lateral Raise,unilateral shoulder raise,
ex-0855-single-arm-dumbbell-rear-delt-fly,Single-Arm Dumbbell Rear Delt Fly,,Posterior Deltoids,Core,Shoulders,Dumbbells,Strength,Horizontal Abduction,Resistance,Isolation,Pull,Intermediate,true,false,3,10-20,reps,Rear Delt Fly,unilateral shoulder raise,
ex-0856-single-arm-kettlebell-press,Single-Arm Kettlebell Press,,Shoulders,Triceps|Core,Shoulders,Kettlebell,Strength,Vertical Push,Resistance,Compound,Push,Intermediate,true,false,3,8-12,reps,Overhead Press,unilateral shoulder press,
ex-0857-single-arm-landmine-press,Single-Arm Landmine Press,,Shoulders,Triceps|Core,Shoulders,Landmine,Strength,Vertical Push,Resistance,Compound,Push,Intermediate,true,false,3,8-12,reps,Overhead Press,unilateral shoulder press,
ex-0858-single-arm-machine-shoulder-press,Single-Arm Machine Shoulder Press,,Shoulders,Triceps|Core,Shoulders,Machine,Strength,Vertical Push,Resistance,Compound,Push,Intermediate,true,false,3,8-12,reps,Overhead Press,unilateral shoulder press,
ex-0859-single-arm-resistance-band-front-raise,Single-Arm Resistance Band Front Raise,,Anterior Deltoids,Core,Shoulders,Resistance Band,Strength,Shoulder Flexion,Resistance,Isolation,Push,Intermediate,true,false,3,10-20,reps,Front Raise,unilateral shoulder raise,
ex-0860-single-arm-resistance-band-lateral-raise,Single-Arm Resistance Band Lateral Raise,,Lateral Deltoids,Core,Shoulders,Resistance Band,Strength,Shoulder Abduction,Resistance,Isolation,Push,Intermediate,true,false,3,10-20,reps,Lateral Raise,unilateral shoulder raise,
ex-0861-single-arm-resistance-band-rear-delt-fly,Single-Arm Resistance Band Rear Delt Fly,,Posterior Deltoids,Core,Shoulders,Resistance Band,Strength,Horizontal Abduction,Resistance,Isolation,Pull,Intermediate,true,false,3,10-20,reps,Rear Delt Fly,unilateral shoulder raise,
ex-0862-single-arm-seated-dumbbell-shoulder-press,Single-Arm Seated Dumbbell Shoulder Press,,Shoulders,Triceps|Core,Shoulders,Dumbbells,Strength,Vertical Push,Resistance,Compound,Push,Intermediate,true,false,3,8-12,reps,Overhead Press,unilateral shoulder press,
ex-0863-single-arm-standing-dumbbell-shoulder-press,Single-Arm Standing Dumbbell Shoulder Press,,Shoulders,Triceps|Core,Shoulders,Dumbbells,Strength,Vertical Push,Resistance,Compound,Push,Intermediate,true,false,3,8-12,reps,Overhead Press,unilateral shoulder press,
ex-0864-smith-machine-shoulder-press,Smith Machine Shoulder Press,,Shoulders,Triceps|Upper Chest,Shoulders,Smith Machine,Strength,Vertical Push,Resistance,Compound,Push,Intermediate,false,false,3,6-12,reps,Overhead Press,shoulder press overhead press,
ex-0865-standing-barbell-overhead-press,Standing Barbell Overhead Press,,Shoulders,Triceps|Upper Chest,Shoulders,Barbell,Strength,Vertical Push,Resistance,Compound,Push,Intermediate,false,false,3,6-12,reps,Overhead Press,shoulder press overhead press,
ex-0866-standing-cable-front-raise,Standing Cable Front Raise,,Anterior Deltoids,,Shoulders,Cable,Strength,Shoulder Flexion,Resistance,Isolation,Push,Beginner,false,false,3,10-20,reps,Front Raise,front raise delts shoulders,
ex-0867-standing-cable-lateral-raise,Standing Cable Lateral Raise,,Lateral Deltoids,Upper Traps,Shoulders,Cable,Strength,Shoulder Abduction,Resistance,Isolation,Push,Beginner,false,false,3,10-20,reps,Lateral Raise,lateral raise delts shoulders,
ex-0868-standing-cable-rear-delt-fly,Standing Cable Rear Delt Fly,,Posterior Deltoids,,Shoulders,Cable,Strength,Horizontal Abduction,Resistance,Isolation,Pull,Beginner,false,false,3,10-20,reps,Rear Delt Fly,rear delt fly delts shoulders,
ex-0869-standing-dumbbell-front-raise,Standing Dumbbell Front Raise,,Anterior Deltoids,,Shoulders,Dumbbells,Strength,Shoulder Flexion,Resistance,Isolation,Push,Beginner,false,false,3,10-20,reps,Front Raise,front raise delts shoulders,
ex-0870-standing-dumbbell-lateral-raise,Standing Dumbbell Lateral Raise,,Lateral Deltoids,Upper Traps,Shoulders,Dumbbells,Strength,Shoulder Abduction,Resistance,Isolation,Push,Beginner,false,false,3,10-20,reps,Lateral Raise,lateral raise delts shoulders,
ex-0871-standing-dumbbell-rear-delt-fly,Standing Dumbbell Rear Delt Fly,,Posterior Deltoids,,Shoulders,Dumbbells,Strength,Horizontal Abduction,Resistance,Isolation,Pull,Beginner,false,false,3,10-20,reps,Rear Delt Fly,rear delt fly delts shoulders,
ex-0872-standing-dumbbell-shoulder-press,Standing Dumbbell Shoulder Press,,Shoulders,Triceps|Upper Chest,Shoulders,Dumbbells,Strength,Vertical Push,Resistance,Compound,Push,Intermediate,false,false,3,6-12,reps,Overhead Press,shoulder press overhead press,
ex-0873-standing-machine-front-raise,Standing Machine Front Raise,,Anterior Deltoids,,Shoulders,Machine,Strength,Shoulder Flexion,Resistance,Isolation,Push,Beginner,false,false,3,10-20,reps,Front Raise,front raise delts shoulders,
ex-0874-standing-machine-lateral-raise,Standing Machine Lateral Raise,,Lateral Deltoids,Upper Traps,Shoulders,Machine,Strength,Shoulder Abduction,Resistance,Isolation,Push,Beginner,false,false,3,10-20,reps,Lateral Raise,lateral raise delts shoulders,
ex-0875-standing-machine-rear-delt-fly,Standing Machine Rear Delt Fly,,Posterior Deltoids,,Shoulders,Machine,Strength,Horizontal Abduction,Resistance,Isolation,Pull,Beginner,false,false,3,10-20,reps,Rear Delt Fly,rear delt fly delts shoulders,
ex-0876-standing-resistance-band-front-raise,Standing Resistance Band Front Raise,,Anterior Deltoids,,Shoulders,Resistance Band,Strength,Shoulder Flexion,Resistance,Isolation,Push,Beginner,false,false,3,10-20,reps,Front Raise,front raise delts shoulders,
ex-0877-standing-resistance-band-lateral-raise,Standing Resistance Band Lateral Raise,,Lateral Deltoids,Upper Traps,Shoulders,Resistance Band,Strength,Shoulder Abduction,Resistance,Isolation,Push,Beginner,false,false,3,10-20,reps,Lateral Raise,lateral raise delts shoulders,
ex-0878-standing-resistance-band-rear-delt-fly,Standing Resistance Band Rear Delt Fly,,Posterior Deltoids,,Shoulders,Resistance Band,Strength,Horizontal Abduction,Resistance,Isolation,Pull,Beginner,false,false,3,10-20,reps,Rear Delt Fly,rear delt fly delts shoulders,
ex-0879-tempo-standing-barbell-overhead-press,Tempo Standing Barbell Overhead Press,,Shoulders,Triceps|Upper Chest,Shoulders,Barbell,Strength,Vertical Push,Resistance,Compound,Push,Advanced,false,false,3,5-10,reps,Standing Barbell Overhead Press,shoulder press overhead press advanced variation,
ex-0880-z-press,Z Press,,Shoulders,Triceps|Upper Chest,Shoulders,Barbell,Strength,Vertical Push,Resistance,Compound,Push,Advanced,false,false,3,6-12,reps,Overhead Press,shoulder press overhead press,
